"ability ","n","əˈbɪləti ","khả năng"
"able ","adj","ˈeɪbəl ","có thể"
"abroad ","adv","əˈbrɔd ","ở nước ngoài"
"accept ","v","ækˈsɛpt ","chấp nhận"
"accident ","n","ˈæksədənt ","tai nạn"
"according ","to prep","əˈkɔrdɪŋ ","theo"
"achieve ","v","əˈʧiv ","đạt được"
"act ","v","ækt ","hành động"
"active ","adj","ˈæktɪv ","tích cực"
"actually ","adv","ˈækʧuəli ","Thực ra"
"adult ","adj","əˈdʌlt ","người lớn"
"advantage ","n","ædˈvæntɪʤ ","lợi thế"
"adventure ","n","ædˈvɛnʧər ","cuộc phiêu lưu"
"advertise ","v","ˈædvərˌtaɪz ","Quảng cáo"
"advertisement ","n","ədˈvɜrtəzmənt ","quảng cáo"
"advertising ","n","ˈædvərˌtaɪzɪŋ ","quảng cáo"
"affect ","v","əˈfɛkt ","ảnh hưởng"
"after ","conj, adv","ˈæftər ","sau đó"
"against ","prep","əˈɡɛnst ","chống lại"
"ah ","exclam","ɑ ","Ah"
"airline ","n","ˈɛrˌlaɪn ","hãng hàng không"
"alive ","adj","əˈlaɪv ","còn sống"
"all ","adv","ɔl ","tất cả"
"all ","right adj/adv, exclam","ɔl ","tất cả"
"allow ","v","əˈlaʊ ","cho phép"
"almost ","adv","ˈɔlˌmoʊst ","hầu hết"
"alone ","adj/adv","əˈloʊn ","một mình"
"along ","prep, adv","əˈlɔŋ ","dọc theo"
"already ","adv","ɔlˈrɛdi ","đã"
"alternative ","n","ɔlˈtɜrnətɪv ","thay thế"
"although ","conj","ˌɔlˈðoʊ ","mặc dù"
"among ","prep","əˈmʌŋ ","giữa"
"amount ","n","əˈmaʊnt ","số lượng"
"ancient ","adj","ˈeɪnʧənt ","cổ đại"
"ankle ","n","ˈæŋkəl ","mắt cá"
"any ","adv","ˈɛni ","bất kì"
"anybody ","pron","ˈɛnibədi ","bất cứ ai"
"any ","more adv","ˈɛni ","bất kì"
"anyway ","adv","ˈɛniˌweɪ ","Dẫu sao thì"
"anywhere ","adv, pron","ˈɛniˌwɛr ","bất cứ nơi nào"
"app ","n","æp ","ứng dụng"
"appear ","v","əˈpɪr ","xuất hiện"
"appearance ","n","əˈpɪrəns ","vẻ bề ngoài"
"apply ","v","əˈplaɪ ","áp dụng"
"architect ","n","ˈɑrkəˌtɛkt ","kiến trúc sư"
"architecture ","n","ˈɑrkəˌtɛkʧər ","ngành kiến ​​​​trúc"
"argue ","v","ˈɑrɡju ","tranh cãi"
"argument ","n","ˈɑrɡjəmənt ","lý lẽ"
"army ","n","ˈɑrmi ","quân đội"
"arrange ","v","əˈreɪnʤ ","sắp xếp"
"arrangement ","n","əˈreɪnʤmənt ","sắp xếp"
"as ","adv, conj","æz ","BẰNG"
"asleep ","adj","əˈslip ","ngủ"
"assistant ","n, adj","əˈsɪstənt ","trợ lý"
"athlete ","n","ˈæˌθlit ","vận động viên"
"attack ","n, v","əˈtæk ","tấn công"
"attend ","v","əˈtɛnd ","tham gia"
"attention ","n, exclam","əˈtɛnʃən ","chú ý"
"attractive ","adj","əˈtræktɪv ","hấp dẫn"
"audience ","n","ˈɑdiəns ","khán giả"
"author ","n","ˈɔθər ","tác giả"
"available ","adj","əˈveɪləbəl ","có sẵn"
"average ","adj, n","ˈævərɪʤ ","trung bình"
"avoid ","v","əˈvɔɪd ","tránh xa"
"award ","n","əˈwɔrd ","phần thưởng"
"awful ","adj","ˈɑfəl ","tồi tệ"
"back ","adj","bæk ","mặt sau"
"background ","n","ˈbækˌɡraʊnd ","lý lịch"
"badly ","adv","ˈbædli ","tệ"
"bar ","n","bɑr ","quán ba"
"baseball ","n","ˈbeɪsˈbɔl ","bóng chày"
"based ","adj","beɪst ","dựa trên"
"basketball ","n","ˈbæskətˌbɔl ","bóng rổ"
"bean ","n","bin ","hạt đậu"
"bear ","(animal) n","bɛr ","con gấu"
"beat ","v","bit ","tiết tấu"
"beef ","n","bif ","thịt bò"
"before ","conj, adv","bɪˈfɔr ","trước"
"behave ","v","bɪˈheɪv ","ứng xử"
"behaviour ","n","behaviour ","hành vi"
"belong ","v","bɪˈlɔŋ ","thuộc về"
"belt ","n","bɛlt ","thắt lưng"
"benefit ","n","ˈbɛnəfɪt ","lợi ích"
"best ","adv, n","bɛst ","tốt nhất"
"better ","adv","ˈbɛtər ","tốt hơn"
"between ","adv","bɪˈtwin ","giữa"
"billion ","number","ˈbɪljən ","tỷ"
"bin ","n","bɪn ","thùng rác"
"biology ","n","baɪˈɑləʤi ","sinh vật học"
"birth ","n","bɜrθ ","Sinh"
"biscuit ","n","ˈbɪskət ","bánh quy"
"bit ","n","bɪt ","chút"
"blank ","adj, n","blæŋk ","trống"
"blood ","n","blʌd ","máu"
"blow ","v","bloʊ ","thổi"
"board ","n","bɔrd ","Cái bảng"
"boil ","v","bɔɪl ","đun sôi"
"bone ","n","boʊn ","xương"
"book ","v","bʊk ","sách"
"borrow ","v","ˈbɑˌroʊ ","vay mượn"
"boss ","n","bɑs ","ông chủ"
"bottom ","n, adj","ˈbɑtəm ","đáy"
"bowl ","n","boʊl ","cái bát"
"brain ","n","breɪn ","não"
"bridge ","n","brɪʤ ","cầu"
"bright ","adj","braɪt ","sáng"
"brilliant ","adj","ˈbrɪljənt ","xuất sắc"
"broken ","adj","ˈbroʊkən ","vỡ"
"brush ","v, n","brʌʃ ","chải"
"burn ","v","bɜrn ","đốt cháy"
"businessman ","n","ˈbɪznəˌsmæn ","doanh nhân"
"button ","n","ˈbʌtən ","cái nút"
"camp ","n, v","kæmp ","trại"
"camping ","n","ˈkæmpɪŋ ","cắm trại"
"care ","n, v","kɛr ","quan tâm"
"careful ","adj","ˈkɛrfəl ","cẩn thận"
"carefully ","adv","ˈkɛrfəli ","cẩn thận"
"carpet ","n","ˈkɑrpət ","thảm"
"cartoon ","n","kɑrˈtun ","hoạt hình"
"case ","n","keɪs ","trường hợp"
"cash ","n","kæʃ ","tiền mặt"
"castle ","n","ˈkæsəl ","lâu đài "
"catch ","v","kæʧ ","nắm lấy"
"cause ","n, v","kɑz ","gây ra"
"celebrate ","v","ˈsɛləˌbreɪt ","kỉ niệm"
"celebrity ","n","səˈlɛbrɪti ","người nổi tiếng"
"certain ","adj","ˈsɜrtən ","chắc chắn"
"certainly ","adv","ˈsɜrtənli ","chắc chắn "
"chance ","n","ʧæns ","cơ hội"
"character ","n","ˈkɛrɪktər ","tính cách"
"charity ","n","ˈʧɛrɪti ","tổ chức từ thiện"
"chat ","v, n","ʧæt ","trò chuyện"
"check ","n","ʧɛk ","kiểm tra"
"chef ","n","ʃɛf ","đầu bếp"
"chemistry ","n","ˈkɛməstri ","hoá học"
"chip ","n","ʧɪp ","Chip"
"choice ","n","ʧɔɪs ","sự lựa chọn"
"church ","n","ʧɜrʧ ","nhà thờ"
"cigarette ","n","ˌsɪɡəˈrɛt ","thuốc lá"
"circle ","n, v","ˈsɜrkəl ","vòng tròn"
"classical ","adj","ˈklæsɪkəl ","cổ điển"
"clear ","adj","klɪr ","thông thoáng"
"clearly ","adv","ˈklɪrli ","rõ ràng"
"clever ","adj","ˈklɛvər ","thông minh"
"climate ","n","ˈklaɪmət ","khí hậu"
"closed ","adj","kloʊzd ","đóng cửa"
"clothing ","n","ˈkloʊðɪŋ ","quần áo"
"cloud ","n","klaʊd ","đám mây"
"coach ","n","koʊʧ ","huấn luyện viên"
"coast ","n","koʊst ","bờ biển"
"code ","n","koʊd ","mã số"
"colleague ","n","ˈkɑliɡ ","đồng nghiệp"
"collect ","v","kəˈlɛkt ","sưu tầm"
"column ","n","ˈkɑləm ","cột"
"comedy ","n","ˈkɑmədi ","hài kịch"
"comfortable ","adj","ˈkʌmfərtəbəl ","thoải mái"
"comment ","n","ˈkɑmɛnt ","bình luận"
"communicate ","v","kəmˈjunəˌkeɪt ","giao tiếp"
"community ","n","kəmˈjunəti ","cộng đồng"
"compete ","v","kəmˈpit ","hoàn thành"
"competition ","n","ˌkɑmpəˈtɪʃən ","cuộc thi"
"complain ","v","kəmˈpleɪn ","phàn nàn"
"completely ","adv","kəmˈplitli ","hoàn toàn"
"condition ","n","kənˈdɪʃən ","tình trạng"
"conference ","n","ˈkɑnfərəns ","hội nghị"
"connect ","v","kəˈnɛkt ","kết nối"
"connected ","adj","kəˈnɛktəd ","đã kết nối"
"consider ","v","kənˈsɪdər ","coi như"
"contain ","v","kənˈteɪn ","bao gồm"
"context ","n","ˈkɑntɛkst ","bối cảnh"
"continent ","n","ˈkɑntənənt ","lục địa"
"continue ","v","kənˈtɪnju ","Tiếp tục"
"control ","n, v","kənˈtroʊl ","điều khiển"
"cook ","n","kʊk ","đầu bếp"
"cooker ","n","ˈkʊkər ","nồi cơm điện"
"copy ","n, v","ˈkɑpi ","sao chép"
"corner ","n","ˈkɔrnər ","góc"
"correctly ","adv","kəˈrɛktli ","chính xác"
"count ","v","kaʊnt ","đếm"
"couple ","n","ˈkʌpəl ","cặp đôi"
"cover ","v","ˈkʌvər ","che phủ"
"crazy ","adj","ˈkreɪzi ","điên"
"creative ","adj","kriˈeɪtɪv ","sáng tạo"
"credit ","n","ˈkrɛdət ","tín dụng"
"crime ","n","kraɪm ","tội phạm"
"criminal ","n","ˈkrɪmənəl ","tội phạm"
"cross ","v, n","krɔs ","đi qua"
"crowd ","n","kraʊd ","đám đông"
"crowded ","adj","ˈkraʊdəd ","đông đúc"
"cry ","v","kraɪ ","khóc"
"cupboard ","n","ˈkʌbərd ","cái tủ"
"curly ","adj","ˈkɜrli ","quăn"
"cycle ","n, v","ˈsaɪkəl ","xe đạp"
"daily ","adj","ˈdeɪli ","hằng ngày"
"danger ","n","ˈdeɪnʤər ","sự nguy hiểm"
"dark ","n","dɑrk ","tối tăm"
"data ","n","ˈdeɪtə ","dữ liệu"
"dead ","adj","dɛd ","chết"
"deal ","v","dil ","thỏa thuận"
"dear ","exclam","dɪr ","Thân mến"
"death ","n","dɛθ ","cái chết"
"decision ","n","dɪˈsɪʒən ","phán quyết"
"deep ","adj","dip ","sâu"
"definitely ","adv","ˈdɛfənətli ","chắc chắn"
"degree ","n","dɪˈɡri ","bằng cấp"
"dentist ","n","ˈdɛntəst ","nha sĩ"
"department ","n","dɪˈpɑrtmənt ","phòng"
"depend ","v","dɪˈpɛnd ","phụ thuộc"
"desert ","n","ˈdɛzɜrt ","sa mạc"
"designer ","n","dɪˈzaɪnər ","nhà thiết kế"
"destroy ","v","dɪˈstrɔɪ ","hủy hoại"
"detective ","n","dɪˈtɛktɪv ","thám tử"
"develop ","v","dɪˈvɛləp ","phát triển"
"device ","n","dɪˈvaɪs ","thiết bị"
"diary ","n","ˈdaɪəri ","Nhật ký"
"differently ","adv","ˈdɪfrəntli ","khác nhau"
"digital ","adj","ˈdɪʤətəl ","điện tử"
"direct ","adj","dəˈrɛkt ","trực tiếp"
"direction ","n","dəˈrɛkʃən ","phương hướng"
"director ","n","dəˈrɛktər ","giám đốc"
"disagree ","v","dɪsəˈɡri ","không đồng ý"
"disappear ","v","ˌdɪsəˈpɪr ","biến mất"
"disaster ","n","dɪˈzæstər ","thảm họa"
"discover ","v","dɪˈskʌvər ","phát hiện"
"discovery ","n","dɪˈskʌvəri ","khám phá"
"discussion ","n","dɪˈskʌʃən ","cuộc thảo luận"
"disease ","n","dɪˈziz ","bệnh"
"distance ","n","ˈdɪstəns ","khoảng cách"
"divorced ","adj","dɪˈvɔrst ","đã ly hôn"
"document ","n","ˈdɑkjəmɛnt ","tài liệu"
"double ","adj, det, pron, v","ˈdʌbəl ","gấp đôi"
"download ","v, n","ˈdaʊnˌloʊd ","Tải xuống"
"downstairs ","adj","ˈdaʊnˈstɛrz ","tầng dưới"
"drama ","n","ˈdrɑmə ","kịch"
"drawing ","n","ˈdrɔɪŋ ","vẽ"
"dream ","n, v","drim ","mơ"
"drive ","n","draɪv ","lái xe"
"driving ","n","ˈdraɪvɪŋ ","điều khiển"
"drop ","v","drɑp ","làm rơi"
"drug ","n","drʌɡ ","thuốc"
"dry ","adj, v","draɪ ","khô"
"earn ","v","ɜrn ","kiếm"
"earth ","n","ɜrθ ","trái đất"
"easily ","adv","ˈizəli ","một cách dễ dàng"
"education ","n","ˌɛʤəˈkeɪʃən ","giáo dục"
"effect ","n","ɪˈfɛkt ","tác dụng"
"either ","det/pron, adv","ˈiðər ","hoặc"
"electric ","adj","ɪˈlɛktrɪk ","điện"
"electrical ","adj","ɪˈlɛktrɪkəl ","điện"
"electricity ","n","ɪˌlɛkˈtrɪsəti ","điện"
"electronic ","adj","ɪˌlɛkˈtrɑnɪk ","điện tử"
"employ ","v","ɛmˈplɔɪ ","thuê"
"employee ","n","ɛmˈplɔɪi ","người lao động"
"employer ","n","ɛmˈplɔɪər ","nhà tuyển dụng"
"empty ","adj","ˈɛmpti ","trống"
"ending ","n","ˈɛndɪŋ ","kết thúc"
"energy ","n","ˈɛnərʤi ","năng lượng"
"engine ","n","ˈɛnʤən ","động cơ"
"engineer ","n","ˈɛnʤəˈnɪr ","kỹ sư"
"enormous ","adj","ɪˈnɔrməs ","lớn lao"
"enter ","v","ˈɛntər ","đi vào"
"environment ","n","ɪnˈvaɪrənmənt ","môi trường"
"equipment ","n","ɪˈkwɪpmənt ","thiết bị"
"error ","n","ˈɛrər ","lỗi"
"especially ","adv","əˈspɛʃli ","đặc biệt"
"essay ","n","ˈɛˌseɪ ","tiểu luận"
"everyday ","adj","ˈɛvriˈdeɪ ","Hằng ngày"
"everywhere ","adv","ˈɛvriˌwɛr ","mọi nơi"
"evidence ","n","ˈɛvədəns ","chứng cớ"
"exact ","adj","ɪɡˈzækt ","chính xác"
"exactly ","adv","ɪɡˈzæktli ","chính xác"
"excellent ","adj","ˈɛksələnt ","xuất sắc"
"except ","prep","ɪkˈsɛpt ","ngoại trừ"
"exist ","v","ɪɡˈzɪst ","hiện hữu"
"expect ","v","ɪkˈspɛkt ","trông chờ"
"experience ","n","ɪkˈspɪriəns ","kinh nghiệm"
"experiment ","n","ɪkˈspɛrəmənt ","cuộc thí nghiệm"
"expert ","n,adj","ˈɛkspərt ","chuyên gia"
"explanation ","n","ˌɛkspləˈneɪʃən ","giải trình"
"express ","v","ɪkˈsprɛs ","thể hiện"
"expression ","n","ɪkˈsprɛʃən ","sự biểu lộ"
"extreme ","adj","ɛkˈstrim ","vô cùng"
"extremely ","adv","ɛkˈstrimli ","vô cùng"
"factor ","n","ˈfæktər ","nhân tố"
"factory ","n","ˈfæktəri ","nhà máy"
"fail ","v","feɪl ","thất bại"
"fair ","adj","fɛr ","hội chợ"
"fall ","n","fɔl ","ngã"
"fan ","n","fæn ","cái quạt"
"farm ","v","fɑrm ","nông trại"
"farming ","n","ˈfɑrmɪŋ ","nông nghiệp"
"fashion ","n","ˈfæʃən ","thời trang"
"fat ","n","fæt ","mập"
"fear ","n","fɪr ","nỗi sợ"
"feature ","n","ˈfiʧər ","tính năng"
"feed ","v","fid ","cho ăn"
"female ","adj, n","ˈfiˌmeɪl ","nữ giới"
"fiction ","n","ˈfɪkʃən ","viễn tưởng"
"field ","n","fild ","cánh đồng"
"fight ","v, n","faɪt ","trận đánh"
"figure ","n","ˈfɪɡjər ","nhân vật"
"film ","v","fɪlm ","phim ảnh"
"final ","n","ˈfaɪnəl ","cuối cùng"
"finally ","adv","ˈfaɪnəli ","Cuối cùng"
"finger ","n","ˈfɪŋɡər ","ngón tay"
"finish ","n","ˈfɪnɪʃ ","hoàn thành"
"first ","n","fɜrst ","Đầu tiên"
"firstly ","adv","ˈfɜrstli ","Trước hết"
"fish ","v","fɪʃ ","cá"
"fishing ","n","ˈfɪʃɪŋ ","đánh bắt cá"
"fit ","v, adj","fɪt ","phù hợp"
"fix ","v","fɪks ","sửa chữa"
"flat ","adj","flæt ","phẳng"
"flu ","n","flu ","cúm"
"fly ","n","flaɪ ","bay"
"flying ","n, adj","ˈflaɪɪŋ ","bay"
"focus ","v, n","ˈfoʊkəs ","tập trung"
"following ","adj","ˈfɑloʊɪŋ ","tiếp theo"
"foreign ","adj","ˈfɔrən ","nước ngoài"
"forest ","n","ˈfɔrəst ","rừng"
"fork ","n","fɔrk ","cái nĩa"
"formal ","adj","ˈfɔrməl ","chính thức"
"fortunately ","adv","ˈfɔrʧənətli ","may mắn thay"
"forward ","adv","ˈfɔrwərd ","phía trước"
"free ","adv","fri ","miễn phí"
"fresh ","adj","frɛʃ ","tươi"
"fridge ","n","frɪʤ ","tủ lạnh"
"frog ","n","frɑɡ ","con ếch"
"fun ","adj","fʌn ","vui vẻ"
"furniture ","n","ˈfɜrnɪʧər ","nội thất"
"further ","adj","ˈfɜrðər ","hơn nữa"
"future ","adj","ˈfjuʧər ","tương lai"
"gallery ","n","ˈɡæləri ","phòng trưng bày"
"gap ","n","ɡæp ","khoảng cách"
"gas ","n","ɡæs ","khí ga"
"gate ","n","ɡeɪt ","cổng"
"general ","adj","ˈʤɛnərəl ","tổng quan"
"gift ","n","ɡɪft ","quà "
"goal ","n","ɡoʊl ","mục tiêu"
"god ","n","ɡɑd ","chúa"
"gold ","n, adj","ɡoʊld ","vàng"
"golf ","n","ɡɑlf ","golf"
"good ","n","ɡʊd ","Tốt"
"government ","n","ˈɡʌvərmənt ","chính phủ"
"grass ","n","ɡræs ","cỏ"
"greet ","v","ɡrit ","chào"
"ground ","n","ɡraʊnd ","đất"
"guest ","n","ɡɛst ","khách mời"
"guide ","n, v","ɡaɪd ","hướng dẫn"
"gun ","n","ɡʌn ","súng"
"guy ","n","ɡaɪ ","chàng trai"
"habit ","n","ˈhæbət ","thói quen"
"half ","adv","hæf ","một nửa"
"hall ","n","hɔl ","sảnh"
"happily ","adv","ˈhæpəli ","hạnh phúc"
"have ","auxiliary v","hæv ","có"
"headache ","n","ˈhɛˌdeɪk ","đau đầu"
"heart ","n","hɑrt ","trái tim"
"heat ","n, v","hit ","nhiệt"
"heavy ","adj","ˈhɛvi ","nặng"
"height ","n","haɪt ","chiều cao"
"helpful ","adj","ˈhɛlpfəl ","hữu ích"
"hero ","n","ˈhɪroʊ ","anh hùng"
"hers ","pron","hərz ","của cô ấy"
"herself ","pron","hərˈsɛlf ","chính cô ấy"
"hide ","v","haɪd ","trốn"
"high ","adv","haɪ ","cao"
"hill ","n","hɪl ","đồi"
"himself ","pron","hɪmˈsɛlf ","bản thân anh ấy"
"his ","pron","hɪz ","của anh ấy"
"hit ","v, n","hɪt ","đánh"
"hockey ","n","ˈhɑki ","khúc côn cầu"
"hold ","v","hoʊld ","giữ"
"hole ","n","hoʊl ","hố"
"home ","adj","hoʊm ","trang chủ"
"hope ","n","hoʊp ","mong"
"huge ","adj","hjuʤ ","to lớn"
"human ","adj, n","ˈhjumən ","nhân loại"
"hurt ","v, adj","hɜrt ","đau"
"ideal ","adj","aɪˈdil ","lý tưởng"
"identify ","v","aɪˈdɛntəˌfaɪ ","nhận dạng"
"ill ","adj","ɪl ","ốm"
"illness ","n","ˈɪlnəs ","sự ốm yếu"
"image ","n","ˈɪməʤ ","hình ảnh"
"immediately ","adv","ɪˈmidiətli ","ngay lập tức"
"impossible ","adj","ɪmˈpɑsəbəl ","không thể nào"
"included ","adj","ɪnˈkludəd ","bao gồm"
"including ","prep","ɪnˈkludɪŋ ","bao gồm"
"increase ","v, n","ˈɪnˌkris ","tăng"
"incredible ","adj","ɪnˈkrɛdəbəl ","đáng kinh ngạc"
"independent ","adj","ˌɪndɪˈpɛndənt ","độc lập"
"individual ","n, adj","ˌɪndəˈvɪʤəwəl ","cá nhân"
"industry ","n","ˈɪndəstri ","ngành công nghiệp"
"informal ","adj","ɪnˈfɔrməl ","không chính thức"
"injury ","n","ˈɪnʤəri ","chấn thương"
"insect ","n","ˈɪnˌsɛkt ","côn trùng"
"inside ","prep, adv, n, adj","ɪnˈsaɪd ","bên trong"
"instead ","adv","ɪnˈstɛd ","thay vì"
"instruction ","n","ɪnˈstrʌkʃən ","chỉ dẫn"
"instructor ","n","ɪnˈstrʌktər ","người hướng dẫn"
"instrument ","n","ˈɪnstrəmənt ","dụng cụ"
"intelligent ","adj","ɪnˈtɛləʤənt ","thông minh"
"international ","adj","ˌɪntərˈnæʃənəl ","quốc tế"
"introduction ","n","ˌɪntrəˈdʌkʃən ","giới thiệu"
"invent ","v","ɪnˈvɛnt ","phát minh"
"invention ","n","ɪnˈvɛnʃən ","sự phát minh"
"invitation ","n","ˌɪnvɪˈteɪʃən ","lời mời"
"invite ","v","ɪnˈvaɪt ","mời"
"involve ","v","ɪnˈvɑlv ","liên quan"
"item ","n","ˈaɪtəm ","mục "
"itself ","pron","ɪtˈsɛlf ","chính nó"
"jam ","n","ʤæm ","mứt"
"jazz ","n","ʤæz ","nhạc jazz"
"jewellery ","n","jewellery ","đồ kim hoàn"
"joke ","n, v","ʤoʊk ","câu nói đùa"
"journalist ","n","ˈʤɜrnələst ","nhà báo"
"jump ","v, n","ʤʌmp ","nhảy"
"kid ","n","kɪd ","đứa trẻ"
"kill ","v","kɪl ","giết"
"king ","n","kɪŋ ","nhà vua"
"knee ","n","ni ","đầu gối"
"knife ","n","naɪf ","dao"
"knock ","v","nɑk ","cú đánh"
"knowledge ","n","ˈnɑləʤ ","kiến thức"
"lab ","n","læb ","phòng thí nghiệm"
"lady ","n","ˈleɪdi ","quý bà"
"lake ","n","leɪk ","hồ"
"lamp ","n","læmp ","đèn"
"land ","v","lænd ","đất"
"laptop ","n","ˈlæpˌtɑp ","máy tính xách tay"
"later ","adj","ˈleɪtər ","sau đó"
"laughter ","n","ˈlæftər ","tiếng cười"
"law ","n","lɔ ","pháp luật"
"lawyer ","n","ˈlɔjər ","luật sư"
"lazy ","adj","ˈleɪzi ","lười"
"lead ","v","lid ","chỉ huy"
"leader ","n","ˈlidər ","lãnh đạo"
"learning ","n","ˈlɜrnɪŋ ","học hỏi"
"least ","det/pron, adv","list ","ít nhất"
"lecture ","n, v","ˈlɛkʧər ","bài học"
"lemon ","n","ˈlɛmən ","chanh vàng"
"lend ","v","lɛnd ","cho mượn"
"less ","det/pron, adv","lɛs ","ít hơn"
"level ","n","ˈlɛvəl ","mức độ"
"lifestyle ","n","ˈlaɪfˌstaɪl ","cách sống"
"lift ","v, n","lɪft ","thang máy"
"light ","(from the sun/a lamp) v","laɪt ","ánh sáng"
"light ","(not heavy) adj","laɪt ","ánh sáng"
"likely ","adj","ˈlaɪkli ","rất có thể"
"link ","n, v","lɪŋk ","liên kết"
"listener ","n","ˈlɪsənər ","người nghe"
"little ","adv","ˈlɪtəl ","nhỏ bé"
"lock ","v, n","lɑk ","khóa"
"look ","n","lʊk ","Nhìn"
"lorry ","n","ˈlɔri ","xe tải"
"lost ","adj","lɔst ","mất"
"loud ","adj, adv","laʊd ","ồn ào"
"loudly ","adv","ˈlaʊdli ","lớn tiếng"
"lovely ","adj","ˈlʌvli ","đáng yêu"
"low ","adj, adv","loʊ ","thấp"
"luck ","n","lʌk ","may mắn"
"lucky ","adj","ˈlʌki ","may mắn"
"mail ","n, v","meɪl ","thư"
"major ","adj","ˈmeɪʤər ","lớn lao"
"male ","adj, n","meɪl ","nam giới"
"manage ","v","ˈmænəʤ ","quản lý"
"manager ","n","ˈmænəʤər ","giám đốc"
"manner ","n","ˈmænər ","thái độ"
"mark ","v, n","mɑrk ","đánh dấu"
"marry ","v","ˈmɛri ","kết hôn"
"material ","n","məˈtɪriəl ","vật liệu"
"mathematics ","n","ˌmæθəˈmætɪks ","toán học"
"maths ","n","mæθs ","toán học"
"matter ","n, v","ˈmætər ","vấn đề"
"may ","modal v","meɪ ","có thể"
"media ","n","ˈmidiə ","phương tiện truyền thông"
"medical ","adj","ˈmɛdəkəl ","thuộc về y học"
"medicine ","n","ˈmɛdəsən ","thuốc"
"memory ","n","ˈmɛməri ","ký ức"
"mention ","v","ˈmɛnʃən ","đề cập đến"
"metal ","n","ˈmɛtəl ","kim loại"
"method ","n","ˈmɛθəd ","phương pháp"
"middle ","n, adj","ˈmɪdəl ","ở giữa"
"might ","modal v","maɪt ","có thể"
"mind ","n, v","maɪnd ","tâm trí"
"mine ","(belongs to me) pron","maɪn ","của tôi"
"mirror ","n","ˈmɪrər ","gương"
"missing ","adj","ˈmɪsɪŋ ","mất tích"
"mobile ","adj, n","ˈmoʊbəl ","di động"
"monkey ","n","ˈmʌŋki ","con khỉ"
"moon ","n","mun ","mặt trăng"
"mostly ","adv","ˈmoʊstli ","hầu hết"
"motorcycle ","n","ˈmoʊtərˌsaɪkəl ","xe máy"
"movement ","n","ˈmuvmənt ","sự chuyển động"
"musical ","adj","ˈmjuzɪkəl ","âm nhạc"
"musician ","n","mjuˈzɪʃən ","nhạc sĩ"
"myself ","pron","ˌmaɪˈsɛlf ","riêng tôi"
"narrow ","adj","ˈnɛroʊ ","chật hẹp"
"national ","adj","ˈnæʃənəl ","quốc gia"
"nature ","n","ˈneɪʧər ","thiên nhiên"
"nearly ","adv","ˈnɪrli ","gần như"
"necessary ","adj","ˈnɛsəˌsɛri ","cần thiết"
"neck ","n","nɛk ","cổ "
"need ","n","nid ","nhu cầu"
"neither ","det/pron","ˈniðər ","không"
"nervous ","adj","ˈnɜrvəs ","lo lắng"
"network ","n","ˈnɛˌtwɜrk ","mạng"
"noise ","n","nɔɪz ","tiếng ồn"
"noisy ","adj","ˈnɔɪzi ","ồn ào"
"none ","pron","nʌn ","không có"
"normal ","adj","ˈnɔrməl ","Bình thường"
"normally ","adv","ˈnɔrməli ","thông thường"
"notice ","v, n","ˈnoʊtəs ","để ý"
"novel ","n","ˈnɑvəl ","cuốn tiểu thuyết"
"nowhere ","adv","ˈnoʊˌwɛr ","hư không"
"number ","v","ˈnʌmbər ","con số"
"nut ","n","nʌt ","hạt"
"ocean ","n","ˈoʊʃən ","đại dương"
"offer ","v, n","ˈɔfər ","lời đề nghị"
"officer ","n","ˈɔfəsər ","nhân viên văn phòng"
"oil ","n","ɔɪl ","dầu"
"onto ","prep","ˈɑntu ","trên"
"opportunity ","n","ˌɑpərˈtunəti ","cơ hội"
"option ","n","ˈɑpʃən ","lựa chọn"
"ordinary ","adj","ˈɔrdəˌnɛri ","bình thường"
"organization ","n","ˌɔrɡənəˈzeɪʃən ","tổ chức"
"organize ","v","ˈɔrɡəˌnaɪz ","tổ chức"
"original ","adj","əˈrɪʤənəl ","nguyên bản"
"ourselves ","pron","aʊərˈsɛlvz ","chính chúng ta"
"outside ","prep, n, adj","ˈaʊtˈsaɪd ","ngoài"
"oven ","n","ˈʌvən ","lò vi sóng"
"own ","v","oʊn ","sở hữu"
"owner ","n","ˈoʊnər ","người sở hữu"
"pack ","v","pæk ","đóng gói"
"pain ","n","peɪn ","nỗi đau"
"painter ","n","ˈpeɪntər ","họa sĩ"
"palace ","n","ˈpæləs ","cung điện"
"pants ","n","pænts ","quần dài"
"parking ","n","ˈpɑrkɪŋ ","bãi đậu xe"
"particular ","adj","pərˈtɪkjələr ","cụ thể"
"pass ","v","pæs ","vượt qua"
"passenger ","n","ˈpæsənʤər ","hành khách"
"past ","adv","pæst ","quá khứ"
"patient ","n","ˈpeɪʃənt ","kiên nhẫn"
"pattern ","n","ˈpætərn ","mẫu"
"pay ","n","peɪ ","chi trả"
"peace ","n","pis ","hòa bình"
"penny ","n","ˈpɛni ","đồng xu"
"per ","prep","pɜr ","mỗi"
"per ","cent n, adj/adv","pɜr ","mỗi"
"perform ","v","pərˈfɔrm ","trình diễn"
"perhaps ","adv","pərˈhæps ","có lẽ"
"permission ","n","pərˈmɪʃən ","sự cho phép"
"personality ","n","ˌpɜrsəˈnælɪti ","nhân cách"
"pet ","n","pɛt ","thú cưng"
"petrol ","n","ˈpɛtroʊl ","xăng dầu"
"photograph ","v","ˈfoʊtəˌɡræf ","ảnh chụp"
"physical ","adj","ˈfɪzɪkəl ","thuộc vật chất"
"physics ","n","ˈfɪzɪks ","vật lý"
"pick ","v","pɪk ","nhặt"
"pilot ","n","ˈpaɪlət ","phi công"
"planet ","n","ˈplænət ","hành tinh"
"plant ","v","plænt ","thực vật"
"plastic ","n, adj","ˈplæstɪk ","nhựa"
"plate ","n","pleɪt ","đĩa"
"platform ","n","ˈplætˌfɔrm ","nền tảng"
"please ","v","pliz ","Xin vui lòng"
"pleased ","adj","plizd ","vừa lòng"
"pocket ","n","ˈpɑkət ","túi"
"polite ","adj","pəˈlaɪt ","lịch sự"
"pollution ","n","pəˈluʃən ","sự ô nhiễm"
"pop ","n, adj","pɑp ","nhạc pop"
"population ","n","ˌpɑpjəˈleɪʃən ","dân số"
"position ","n","pəˈzɪʃən ","chức vụ"
"possession ","n","pəˈzɛʃən ","chiếm hữu"
"possibility ","n","ˌpɑsəˈbɪləti ","khả năng"
"poster ","n","ˈpoʊstər ","áp phích"
"power ","n","ˈpaʊər ","quyền lực"
"predict ","v","prɪˈdɪkt ","dự đoán"
"present ","v","ˈprɛzənt ","hiện tại"
"president ","n","ˈprɛzəˌdɛnt ","chủ tịch"
"prevent ","v","prɪˈvɛnt ","ngăn chặn"
"print ","v","prɪnt ","in"
"printer ","n","ˈprɪntər ","máy in"
"prison ","n","ˈprɪzən ","nhà tù"
"prize ","n","praɪz ","phần thưởng"
"process ","n","ˈprɑˌsɛs ","quá trình"
"produce ","v","ˈproʊdus ","sản xuất"
"professional ","adj","prəˈfɛʃənəl ","chuyên nghiệp"
"professor ","n","prəˈfɛsər ","giáo sư"
"profile ","n","ˈproʊˌfaɪl ","hồ sơ"
"program ","n","ˈproʊˌɡræm ","chương trình"
"progress ","n","ˈprɑˌɡrɛs ","tiến triển"
"promise ","v, n","ˈprɑməs ","hứa"
"pronounce ","v","prəˈnaʊns ","phát âm"
"protect ","v","prəˈtɛkt ","bảo vệ"
"provide ","v","prəˈvaɪd ","cung cấp"
"pub ","n","pʌb ","quán rượu"
"public ","adj, n","ˈpʌblɪk ","công cộng"
"publish ","v","ˈpʌblɪʃ ","công bố"
"pull ","v","pʊl ","sự lôi kéo"
"purpose ","n","ˈpɜrpəs ","mục đích"
"push ","v","pʊʃ ","xô"
"quality ","n","ˈkwɑləti ","chất lượng"
"quantity ","n","ˈkwɑntəti ","Số lượng"
"queen ","n","kwin ","nữ hoàng"
"question ","v","ˈkwɛsʧən ","câu hỏi"
"quietly ","adv","ˈkwaɪətli ","lặng lẽ"
"race ","(competition) n, v","reɪs ","loài "
"railway ","n","ˈreɪlˌweɪ ","đường sắt"
"raise ","v","reɪz ","nâng lên"
"rate ","n","reɪt ","tỷ lệ"
"rather ","adv","ˈræðər ","hơn là"
"reach ","v","riʧ ","với tới"
"react ","v","riˈækt ","phản ứng"
"realize ","v","ˈriəˌlaɪz ","nhận ra"
"receive ","v","rəˈsiv ","nhận được"
"recent ","adj","ˈrisənt ","gần đây"
"recently ","adv","ˈrisəntli ","gần đây"
"reception ","n","rɪˈsɛpʃən ","thu nhận"
"recipe ","n","ˈrɛsəpi ","công thức"
"recognize ","v","ˈrɛkəɡˌnaɪz ","nhận ra"
"recommend ","v","ˌrɛkəˈmɛnd ","gợi ý"
"record ","n, v","ˈrɛkərd ","ghi "
"recording ","n","rəˈkɔrdɪŋ ","ghi âm"
"recycle ","v","riˈsaɪkəl ","tái chế"
"reduce ","v","rəˈdus ","giảm bớt"
"refer ","v","rəˈfɜr ","tham khảo"
"refuse1 ","v","rɪˈfjuz1","từ chối1"
"region ","n","ˈriʤən ","vùng đất"
"regular ","adj","ˈrɛɡjələr ","thường xuyên"
"relationship ","n","riˈleɪʃənˌʃɪp ","mối quan hệ"
"remove ","v","riˈmuv ","di dời"
"repair ","v","rɪˈpɛr ","Sửa chữa"
"replace ","v","ˌriˈpleɪs ","thay thế"
"reply ","v, n","rɪˈplaɪ ","hồi đáp"
"report ","v","rɪˈpɔrt ","báo cáo"
"reporter ","n","rɪˈpɔrtər ","phóng viên"
"request ","n","rɪˈkwɛst ","lời yêu cầu"
"research ","n, v","riˈsɜrʧ ","nghiên cứu"
"researcher ","n","ˈrisərʧər ","nhà nghiên cứu"
"respond ","v","rɪˈspɑnd ","trả lời"
"response ","n","rɪˈspɑns ","phản ứng"
"rest ","(remaining part) n","rɛst ","nghỉ ngơi"
"rest ","(sleep/relax) n, v","rɛst ","nghỉ ngơi"
"review ","n, v","ˌriˈvju ","ôn tập"
"ride ","n","raɪd ","lái"
"ring1 ","n","rɪŋ1","chiếc nhẫn1"
"ring2 ","v","rɪŋ2","chiếc nhẫn2"
"rise ","v","raɪz ","tăng lên"
"rock ","(stone) n","rɑk ","đá"
"rock ","(music) n","rɑk ","đá"
"role ","n","roʊl ","vai trò"
"roof ","n","ruf ","mái nhà"
"round ","adj, adv, prep","raʊnd ","tròn"
"route ","n","rut ","tuyến đường"
"rubbish ","n","ˈrʌbɪʃ ","rác"
"rude ","adj","rud ","bất lịch sự"
"run ","n","rʌn ","chạy"
"runner ","n","ˈrʌnər ","Á hậu"
"running ","n","ˈrʌnɪŋ ","đang chạy"
"sadly ","adv","ˈsædli ","thật đáng buồn"
"safe ","adj","seɪf ","an toàn"
"sail ","v","seɪl ","chèo"
"sailing ","n","ˈseɪlɪŋ ","đi thuyền"
"salary ","n","ˈsæləri ","lương"
"sale ","n","seɪl ","doanh thu"
"sauce ","n","sɔs ","nước xốt"
"save ","v","seɪv ","cứu"
"scared ","adj","skɛrd ","sợ hãi"
"scary ","adj","ˈskɛri ","đáng sợ"
"scene ","n","sin ","bối cảnh"
"schedule ","n","ˈskɛʤʊl ","lịch trình"
"score ","v, n","skɔr ","điểm"
"screen ","n","skrin ","màn hình"
"search ","n, v","sɜrʧ ","tìm kiếm"
"season ","n","ˈsizən ","mùa"
"seat ","n","sit ","ghế"
"second1 ","(next after the first) adv","ˈsɛkənd1","giây1"
"secondly ","adv","ˈsɛkəndli ","thứ hai"
"secret ","adj, n","ˈsikrət ","bí mật"
"secretary ","n","ˈsɛkrəˌtɛri ","thư ký"
"seem ","v","sim ","có vẻ"
"sense ","n","sɛns ","giác quan"
"separate ","adj","ˈsɛprət ","chia"
"series ","n","ˈsɪriz ","loạt"
"serious ","adj","ˈsɪriəs ","nghiêm trọng"
"serve ","v","sɜrv ","phục vụ"
"service ","n","ˈsɜrvəs ","dịch vụ"
"several ","det/pron","ˈsɛvrəl ","một số"
"shake ","v","ʃeɪk ","lắc"
"shall ","modal v","ʃæl ","nên"
"shape ","n","ʃeɪp ","hình dạng"
"sheet ","n","ʃit ","tờ giấy"
"ship ","n","ʃɪp ","tàu thủy"
"shoulder ","n","ˈʃoʊldər ","vai"
"shout ","v, n","ʃaʊt ","hét lên"
"shut ","v, adj","ʃʌt ","đóng lại"
"side ","n","saɪd ","bên"
"sign ","n, v","saɪn ","dấu hiệu"
"silver ","n, adj","ˈsɪlvər ","bạc"
"simple ","adj","ˈsɪmpəl ","đơn giản"
"since ","prep, conj","sɪns ","từ"
"singing ","n","ˈsɪŋɪŋ ","ca hát"
"single ","adj, n","ˈsɪŋɡəl ","đơn"
"sir ","n","sɜr ","quý ngài"
"site ","n","saɪt ","địa điểm"
"size ","n","saɪz ","kích cỡ"
"ski ","v, adj, n","ski ","trượt tuyết"
"skiing ","n","ˈskiɪŋ ","trượt tuyết"
"skin ","n","skɪn ","da"
"sky ","n","skaɪ ","bầu trời"
"sleep ","n","slip ","ngủ"
"slowly ","adv","ˈsloʊli ","chậm"
"smartphone ","n","smartphone ","điện thoại thông minh"
"smell ","v, n","smɛl ","mùi"
"smile ","v, n","smaɪl ","nụ cười"
"smoke ","n, v","smoʊk ","Khói"
"smoking ","n","ˈsmoʊkɪŋ ","hút thuốc"
"soap ","n","soʊp ","xà bông"
"soccer ","n","ˈsɑkər ","bóng đá"
"social ","adj","ˈsoʊʃəl ","xã hội"
"society ","n","səˈsaɪəti ","xã hội"
"sock ","n","sɑk ","bít tất"
"soft ","adj","sɑft ","mềm mại"
"soldier ","n","ˈsoʊlʤər ","lính"
"solution ","n","səˈluʃən ","giải pháp"
"solve ","v","sɑlv ","gỡ rối"
"somewhere ","adv, pron","ˈsʌmˌwɛr ","một vài nơi"
"sort ","n","sɔrt ","loại"
"source ","n","sɔrs ","nguồn"
"speaker ","n","ˈspikər ","loa"
"specific ","adj","spəˈsɪfɪk ","cụ thể"
"speech ","n","spiʧ ","lời nói"
"speed ","n","spid ","tốc độ"
"spider ","n","ˈspaɪdər ","nhện"
"spoon ","n","spun ","thìa"
"square ","adj, n","skwɛr ","quảng trường"
"stage ","n","steɪʤ ","sân khấu"
"stair ","n","stɛr ","cầu thang"
"stamp ","n","stæmp ","con tem"
"star ","v","stɑr ","ngôi sao"
"start ","n","stɑrt ","bắt đầu"
"state ","n","steɪt ","tình trạng"
"stay ","n","steɪ ","ở lại"
"steal ","v","stil ","ăn cắp"
"step ","n","stɛp ","bước chân"
"stomach ","n","ˈstʌmək ","cái bụng"
"stone ","n","stoʊn ","cục đá"
"store ","n","stɔr ","cửa hàng"
"storm ","n","stɔrm ","bão"
"straight ","adv, adj","streɪt ","thẳng"
"strange ","adj","streɪnʤ ","lạ lùng"
"strategy ","n","ˈstrætəʤi ","chiến lược"
"stress ","n, v","strɛs ","nhấn mạnh"
"structure ","n","ˈstrʌkʧər ","kết cấu"
"stupid ","adj","ˈstupəd ","ngốc nghếch"
"succeed ","v","səkˈsid ","thành công"
"successful ","adj","səkˈsɛsfəl ","thành công"
"such ","det/pron","sʌʧ ","như là"
"suddenly ","adv","ˈsʌdənli ","đột nhiên"
"suggest ","v","səɡˈʤɛst ","gợi ý"
"suggestion ","n","səɡˈʤɛsʧən ","gợi ý"
"suit ","n","sut ","bộ đồ"
"support ","v, n","səˈpɔrt ","ủng hộ"
"suppose ","v","səˈpoʊz ","giả định"
"sure ","adv","ʃʊr ","Chắc chắn"
"surprise ","n, v","sərˈpraɪz ","sự ngạc nhiên"
"surprised ","adj","sərˈpraɪzd ","ngạc nhiên"
"surprising ","adj","sərˈpraɪzɪŋ ","thật ngạc nhiên"
"survey ","n","ˈsɜrˌveɪ ","sự khảo sát"
"sweet ","adj, n","swit ","ngọt "
"symbol ","n","ˈsɪmbəl ","biểu tượng"
"system ","n","ˈsɪstəm ","hệ thống"
"tablet ","n","ˈtæblət ","viên thuốc"
"talk ","n","tɔk ","nói chuyện"
"target ","n","ˈtɑrɡət ","mục tiêu"
"task ","n","tæsk ","nhiệm vụ"
"taste ","n, v","teɪst ","nếm"
"teaching ","n","ˈtiʧɪŋ ","giảng bài"
"technology ","n","tɛkˈnɑləʤi ","công nghệ"
"teenage ","adj","ˈtiˌneɪʤ ","thiếu niên"
"temperature ","n","ˈtɛmprəʧər ","nhiệt độ"
"term ","n","tɜrm ","thuật ngữ"
"text ","v","tɛkst ","chữ"
"themselves ","pron","ðɛmˈsɛlvz ","chúng tôi"
"thick ","adj","θɪk ","dày"
"thief ","n","θif ","tên trộm"
"thin ","adj","θɪn ","gầy"
"thinking ","n","ˈθɪŋkɪŋ ","Suy nghĩ"
"third ","n","θɜrd ","ngày thứ ba"
"thought ","n","θɔt ","nghĩ"
"throw ","v","θroʊ ","ném"
"tidy ","adj, v","ˈtaɪdi ","ngăn nắp"
"tie ","v, n","taɪ ","cà vạt"
"tip ","n","tɪp ","mẹo"
"tool ","n","tul ","dụng cụ"
"top ","n, adj","tɑp ","đứng đầu"
"touch ","v","tʌʧ ","chạm"
"tour ","n","tʊr ","chuyến du lịch"
"tourism ","n","ˈtʊˌrɪzəm ","du lịch"
"towards ","prep","təˈwɔrdz ","đối với"
"towel ","n","ˈtaʊəl ","cái khăn lau"
"tower ","n","ˈtaʊər ","tòa tháp"
"toy ","n, adj","tɔɪ ","đồ chơi"
"track ","n","træk ","theo dõi"
"tradition ","n","trəˈdɪʃən ","truyền thống"
"traditional ","adj","trəˈdɪʃənəl ","truyền thống"
"train ","v","treɪn ","xe lửa"
"trainer ","n","ˈtreɪnər ","huấn luyện viên"
"training ","n","ˈtreɪnɪŋ ","đào tạo"
"transport ","n","ˈtrænspɔrt ","chuyên chở"
"traveller ","n","ˈtrævələr ","du khách"
"trouble ","n","ˈtrʌbəl ","rắc rối"
"truck ","n","trʌk ","xe tải"
"twin ","n, adj","twɪn ","sinh đôi"
"typical ","adj","ˈtɪpəkəl ","đặc trưng"
"underground ","adj, adv","ˈʌndərˌɡraʊnd ","bí mật"
"understanding ","n","ˌʌndərˈstændɪŋ ","sự hiểu biết"
"unfortunately ","adv","ənˈfɔrʧənətli ","Không may"
"unhappy ","adj","ənˈhæpi ","không vui"
"uniform ","n","ˈjunəˌfɔrm ","đồng phục"
"unit ","n","ˈjunət ","đơn vị"
"united ","adj","juˈnaɪtəd ","thống nhất"
"unusual ","adj","ənˈjuʒˌuəl ","bất thường"
"upstairs ","adj","əpˈstɛrz ","tầng trên"
"use ","n","juz ","sử dụng"
"used ","to modal v","juzd ","đã sử dụng"
"user ","n","ˈjuzər ","người dùng"
"usual ","adj","ˈjuʒəwəl ","thường"
"valley ","n","ˈvæli ","thung lũng"
"van ","n","væn ","xe tải"
"variety ","n","vəˈraɪəti ","đa dạng"
"vehicle ","n","ˈvihɪkəl ","phương tiện giao thông"
"view ","n","vju ","xem"
"virus ","n","ˈvaɪrəs ","vi-rút"
"voice ","n","vɔɪs ","tiếng nói"
"wait ","n","weɪt ","Chờ đợi"
"war ","n","wɔr ","chiến tranh"
"wash ","n","wɑʃ ","rửa"
"washing ","n","ˈwɑʃɪŋ ","rửa"
"wave ","n","weɪv ","sóng"
"weak ","adj","wik ","yếu đuối"
"web ","n","wɛb ","mạng lưới"
"wedding ","n","ˈwɛdɪŋ ","lễ cưới"
"weight ","n","weɪt ","cân nặng"
"welcome ","n","ˈwɛlkəm ","Chào mừng"
"wet ","adj","wɛt ","ướt"
"wheel ","n","wil ","bánh xe"
"while ","conj","waɪl ","trong khi"
"whole ","adj","hoʊl ","trọn"
"whose ","det/pron","huz ","của ai"
"wide ","adj","waɪd ","rộng"
"wild ","adj","waɪld ","hoang dã"
"wind ","n","wɪnd ","gió"
"winner ","n","ˈwɪnər ","người chiến thắng"
"wish ","v, n","wɪʃ ","ước"
"wood ","n","wʊd ","gỗ"
"wooden ","adj","ˈwʊdən ","bằng gỗ"
"working ","adj","ˈwɜrkɪŋ ","đang làm việc"
"worried ","adj","ˈwɜrid ","lo lắng"
"worry ","v","ˈwɜri ","lo lắng"
"worse ","adj","wɜrs ","tệ hơn"
"worst ","adj","wɜrst ","tồi tệ nhất"
"wow ","exclam","waʊ ","Ồ"
"yet ","adv","jɛt ","chưa"
"yours ","pron","jʊrz ","của bạn"
"zero ","number","ˈzɪroʊ","số không"
