"abandon ","v","əˈbændən ","bỏ rơi"
"absolute ","adj","ˈæbsəˌlut ","tuyệt đối"
"academic ","n","ˌækəˈdɛmɪk ","học thuật"
"acceptable ","adj","ækˈsɛptəbəl ","chấp nhận được"
"accompany ","v","əˈkʌmpəni ","đồng hành"
"account ","v","əˈkaʊnt ","tài khoản"
"accurate ","adj","ˈækjərət ","chính xác"
"accuse ","v","əˈkjuz ","buộc tội"
"acknowledge ","v","ækˈnɑlɪʤ ","thừa nhận"
"acquire ","v","əˈkwaɪər ","giành được"
"actual ","adj","ˈækʧuəl ","thật sự"
"adapt ","v","əˈdæpt ","thích nghi"
"additional ","adj","əˈdɪʃənəl ","thêm vào"
"address ","v","ˈæˌdrɛs ","Địa chỉ"
"administration ","n","ædˌmɪnɪˈstreɪʃən ","sự quản lý"
"adopt ","v","əˈdɑpt ","nhận nuôi"
"advance ","n, v, adj","ədˈvæns ","nâng cao"
"affair ","n","əˈfɛr ","công việc"
"afterwards ","adv","ˈæftərwərdz ","sau đó"
"agency ","n","ˈeɪʤənsi ","hãng"
"agenda ","n","əˈʤɛndə ","chương trình nghị sự"
"aggressive ","adj","əˈɡrɛsɪv ","hung dữ"
"aid ","n, v","eɪd ","sự giúp đỡ"
"aircraft ","n","ˈɛrˌkræft ","phi cơ"
"alarm ","v","əˈlɑrm ","báo thức"
"alter ","v","ˈɔltər ","thay đổi"
"amount ","v","əˈmaʊnt ","số lượng"
"anger ","n","ˈæŋɡər ","sự tức giận"
"angle ","n","ˈæŋɡəl ","góc"
"anniversary ","n","ˌænəˈvɜrsəri ","dịp kỉ niệm"
"annual ","adj","ˈænjuəl ","hàng năm"
"anxious ","adj","ˈæŋkʃəs ","lo lắng"
"apparent ","adj","əˈpɛrənt ","rõ ràng"
"apparently ","adv","əˈpɛrəntli ","rõ ràng"
"appeal ","n, v","əˈpil ","bắt mắt"
"approach ","n, v","əˈproʊʧ ","tiếp cận"
"appropriate ","adj","əˈproʊpriət ","phù hợp"
"approval ","n","əˈpruvəl ","sự chấp thuận"
"approve ","v","əˈpruv ","chấp thuận"
"arise ","v","əˈraɪz ","nảy sinh"
"armed ","adj","ɑrmd ","vũ trang"
"arms ","n","ɑrmz ","cánh tay"
"artificial ","adj","ˌɑrtəˈfɪʃəl ","nhân tạo"
"artistic ","adj","ɑrˈtɪstɪk ","thuộc về nghệ thuật"
"ashamed ","adj","əˈʃeɪmd ","hổ thẹn"
"aspect ","n","ˈæˌspɛkt ","diện mạo"
"assess ","v","əˈsɛs ","đánh giá"
"assessment ","n","əˈsɛsmənt ","đánh giá"
"associate ","v","əˈsoʊsiət ","kết hợp"
"associated ","adj","əˈsoʊsiˌeɪtəd ","có liên quan"
"association ","n","əˌsoʊsiˈeɪʃən ","sự kết hợp"
"assume ","v","əˈsum ","cho rằng"
"attempt ","n, v","əˈtɛmpt ","nỗ lực"
"back ","v","bæk ","mặt sau"
"bacteria ","n","bækˈtɪriə ","vi khuẩn"
"bar ","v","bɑr ","quán ba"
"barrier ","n","ˈbæriər ","rào chắn"
"basically ","adv","ˈbeɪsɪkli ","về cơ bản"
"battle ","v","ˈbætəl ","trận đánh"
"bear ","(deal with) v","bɛr ","con gấu"
"beat ","n","bit ","tiết tấu"
"beg ","v","bɛɡ ","ăn xin"
"being ","n","ˈbiɪŋ ","hiện tại"
"bent ","adj","bɛnt ","uốn cong"
"bet ","v, n","bɛt ","cá cược"
"beyond ","prep, adv","bɪˈɑnd ","vượt ra"
"bill ","v","bɪl ","hóa đơn"
"bitter ","adj","ˈbɪtər ","vị đắng"
"blame ","v, n","bleɪm ","đổ tội"
"blind ","adj","blaɪnd ","mù"
"bond ","n","bɑnd ","liên kết"
"border ","v","ˈbɔrdər ","ranh giới"
"breast ","n","brɛst ","nhũ hoa"
"brief ","adj","brif ","ngắn gọn"
"broad ","adj","brɔd ","rộng lớn"
"broadcast ","v, n","ˈbrɔdˌkæst ","phát tin"
"budget ","n","ˈbʌʤɪt ","ngân sách"
"bullet ","n","ˈbʊlət ","đạn"
"bunch ","n","bʌnʧ ","bó"
"burn ","n","bɜrn ","đốt cháy"
"bush ","n","bʊʃ ","bụi cây"
"but ","prep","bʌt ","Nhưng"
"cable ","n","ˈkeɪbəl ","cáp"
"calculate ","v","ˈkælkjəˌleɪt ","tính toán"
"cancel ","v","ˈkænsəl ","Hủy bỏ"
"cancer ","n","ˈkænsər ","bệnh ung thư"
"capable ","adj","ˈkeɪpəbəl ","có khả năng"
"capacity ","n","kəˈpæsəti ","dung tích"
"capture ","v, n","ˈkæpʧər ","chiếm lấy"
"cast ","n, v","kæst ","dàn diễn viên"
"catch ","n","kæʧ ","nắm lấy"
"cell ","n","sɛl ","tế bào"
"chain ","v","ʧeɪn ","xích"
"chair ","v","ʧɛr ","cái ghế"
"chairman ","n","ˈʧɛrmən ","Chủ tịch"
"challenge ","v","ˈʧælənʤ ","thử thách"
"characteristic ","n, adj","ˌkɛrəktəˈrɪstɪk ","đặc trưng"
"chart ","v","ʧɑrt ","đồ thị"
"chief ","adj, n","ʧif ","người đứng đầu"
"circumstance ","n","ˈsɜrkəmˌstæns ","hoàn cảnh"
"cite ","v","saɪt ","trích dẫn"
"citizen ","n","ˈsɪtəzən ","công dân"
"civil ","adj","ˈsɪvəl ","dân sự"
"classic ","adj, n","ˈklæsɪk ","cổ điển"
"close ","n","kləʊz","sự kết thúc"
"closely ","adv","ˈkloʊsli ","chặt chẽ"
"collapse ","v, n","kəˈlæps ","sụp đổ"
"combination ","n","ˌkɑmbəˈneɪʃən ","sự kết hợp"
"comfort ","n, v","ˈkʌmfərt ","an ủi"
"command ","n, v","kəˈmænd ","yêu cầu"
"commission ","n, v","kəˈmɪʃən ","nhiệm vụ"
"commitment ","n","kəˈmɪtmənt ","sự cam kết"
"committee ","n","kəˈmɪti ","ủy ban"
"commonly ","adv","ˈkɑmənli ","thông thường"
"complex ","n","ˈkɑmplɛks ","tổ hợp"
"complicated ","adj","ˈkɑmpləˌkeɪtəd ","phức tap"
"component ","n","kəmˈpoʊnənt ","thành phần"
"concentration ","n","ˌkɑnsənˈtreɪʃən ","sự tập trung"
"concept ","n","ˈkɑnsɛpt ","ý tưởng"
"concern ","n, v","kənˈsɜrn ","bận tâm"
"concerned ","adj","kənˈsɜrnd ","lo âu"
"conduct ","v, n","ˈkɑndʌkt ","chỉ đạo"
"confidence ","n","ˈkɑnfədəns ","sự tự tin"
"conflict ","n, v","ˈkɑnflɪkt ","xung đột"
"confusing ","adj","kənˈfjuzɪŋ ","gây nhầm lẫn"
"conscious ","adj","ˈkɑnʃəs ","biết rõ"
"conservative ","adj, n","kənˈsɜrvətɪv ","thận trọng"
"consideration ","n","kənˌsɪdəˈreɪʃən ","Sự xem xét"
"consistent ","adj","kənˈsɪstənt ","nhất quán"
"constant ","adj","ˈkɑnstənt ","không thay đổi"
"constantly ","adv","ˈkɑnstəntli ","liên tục"
"construct ","v","kənˈstrʌkt ","xây dựng"
"construction ","n","kənˈstrʌkʃən ","sự thi công"
"contemporary ","adj","kənˈtɛmpəˌrɛri ","đồng thời"
"contest ","n, v","ˈkɑntɛst ","cuộc thi"
"contract ","n, v","ˈkɑnˌtrækt ","hợp đồng"
"contribute ","v","kənˈtrɪbjut ","đóng góp"
"contribution ","n","ˌkɑntrəˈbjuʃən ","sự đóng góp"
"convert ","v","ˈkɑnvɜrt ","chuyển thành"
"convinced ","adj","kənˈvɪnst ","bị thuyết phục"
"core ","n, adj","kɔr ","cốt lõi"
"corporate ","adj","ˈkɔrpərət ","công ty"
"council ","n","ˈkaʊnsəl ","hội đồng"
"county ","n","ˈkaʊnti ","quận"
"courage ","n","ˈkɜrəʤ ","lòng can đảm"
"crash ","n, v","kræʃ ","tai nạn"
"creation ","n","kriˈeɪʃən ","sự sáng tạo"
"creature ","n","ˈkriʧər ","sinh vật"
"credit ","v","ˈkrɛdət ","tín dụng"
"crew ","n","kru ","phi hành đoàn"
"crisis ","n","ˈkraɪsəs ","khủng hoảng"
"criterion ","n","kraɪˈtɪriən ","tiêu chuẩn"
"critic ","n","ˈkrɪtɪk ","nhà phê bình"
"critical ","adj","ˈkrɪtɪkəl ","phê bình"
"criticism ","n","ˈkrɪtɪˌsɪzəm ","sự chỉ trích"
"criticize ","v","ˈkrɪtɪˌsaɪz ","chỉ trích"
"crop ","n","krɑp ","mùa vụ"
"crucial ","adj","ˈkruʃəl ","chủ yếu"
"cry ","n","kraɪ ","khóc"
"cure ","v, n","kjʊr ","sự chữa bệnh"
"current ","n","ˈkɜrənt ","hiện hành"
"curve ","n, v","kɜrv ","đường cong"
"curved ","adj","kɜrvd ","cong"
"date ","v","deɪt ","ngày"
"debate ","n, v","dəˈbeɪt ","tranh luận"
"debt ","n","dɛt ","món nợ"
"decent ","adj","ˈdisənt ","tử tế"
"declare ","v","dɪˈklɛr ","tuyên bố"
"decline ","v, n","dɪˈklaɪn ","sự suy sụp"
"decoration ","n","ˌdɛkəˈreɪʃən ","trang trí"
"decrease ","v, n","ˈdiˌkris ","giảm bớt"
"deeply ","adv","ˈdipli ","sâu sắc"
"defeat ","v, n","dɪˈfit ","đánh bại"
"defence ","n","dɪˈfɛns ","phòng thủ"
"defend ","v","dɪˈfɛnd ","phòng vệ"
"delay ","v, n","dɪˈleɪ ","trì hoãn"
"deliberate ","adj","dɪˈlɪbərət ","có chủ ý"
"deliberately ","adv","dɪˈlɪbərətli ","thong thả"
"delight ","v, n","dɪˈlaɪt ","Hân hoan"
"delighted ","adj","dɪˈlaɪtəd ","vui mừng"
"delivery ","n","dɪˈlɪvəri ","vận chuyển"
"demand ","n, v","dɪˈmænd ","yêu cầu"
"demonstrate ","v","ˈdɛmənˌstreɪt ","chứng minh"
"deny ","v","dɪˈnaɪ ","từ chối"
"depressed ","adj","dɪˈprɛst ","trầm cảm"
"depressing ","adj","dɪˈprɛsɪŋ ","chán nản"
"depth ","n","dɛpθ ","chiều sâu"
"desert ","v","ˈdɛzɜrt ","sa mạc"
"deserve ","v","dɪˈzɜrv ","xứng đáng"
"desire ","n, v","dɪˈzaɪər ","sự mong muốn"
"desperate ","adj","ˈdɛsprɪt ","tuyệt vọng"
"detail ","v","dɪˈteɪl ","chi tiết"
"detailed ","adj","dɪˈteɪld ","chi tiết"
"detect ","v","dɪˈtɛkt ","phát hiện"
"dig ","v","dɪɡ ","đào"
"disc ","n","dɪsk ","đĩa"
"discipline ","n","ˈdɪsəplən ","kỷ luật"
"discount ","v","dɪˈskaʊnt ","giảm giá"
"dishonest ","adj","dɪˈsɑnəst ","Không trung thực"
"dismiss ","v","dɪˈsmɪs ","miễn nhiệm"
"display ","v, n","dɪˈspleɪ ","trưng bày"
"distribute ","v","dɪˈstrɪbjut ","phân phát"
"distribution ","n","ˌdɪstrəˈbjuʃən ","phân bổ"
"district ","n","ˈdɪstrɪkt ","huyện"
"divide ","n","dɪˈvaɪd ","chia"
"division ","n","dɪˈvɪʒən ","phân công"
"document ","v","ˈdɑkjəmɛnt ","tài liệu"
"domestic ","adj","dəˈmɛstɪk ","nội địa"
"dominate ","v","ˈdɑməˌneɪt ","thống trị"
"downwards ","adv","ˈdaʊnwərdz ","đi xuống"
"dozen ","n, det","ˈdʌzən ","tá"
"draft ","n, v","dræft ","bản nháp"
"drag ","v","dræɡ ","lôi kéo"
"dramatic ","adj","drəˈmætɪk ","kịch"
"edit ","v","ˈɛdət ","biên tập"
"edition ","n","əˈdɪʃən ","phiên bản"
"efficient ","adj","ɪˈfɪʃənt ","có hiệu quả"
"elderly ","adj","ˈɛldərli ","người già"
"elect ","v","ɪˈlɛkt ","trúng tuyển"
"elsewhere ","adv","ˈɛlˌswɛr ","nơi khác"
"emerge ","v","ɪˈmɜrʤ ","hiện ra"
"emotional ","adj","ɪˈmoʊʃənəl ","xúc động"
"emphasis ","n","ˈɛmfəsəs ","sự nhấn mạnh"
"emphasize ","v","ˈɛmfəˌsaɪz ","nhấn mạnh"
"enable ","v","ɛˈneɪbəl ","cho phép"
"encounter ","v, n","ɪnˈkaʊntər ","bắt gặp"
"engage ","v","ɛnˈɡeɪʤ ","đính hôn"
"enhance ","v","ɛnˈhæns ","nâng cao"
"enquiry ","n","enquiry ","cuộc điều tra"
"ensure ","v","ɛnˈʃʊr ","đảm bảo"
"enthusiasm ","n","ɪnˈθuziˌæzəm ","sự nhiệt tình"
"enthusiastic ","adj","ɪnˌθuziˈæstɪk ","nhiệt tình"
"entire ","adj","ɪnˈtaɪər ","toàn bộ"
"entirely ","adv","ɪnˈtaɪərli ","toàn bộ"
"equal ","n","ˈikwəl ","bình đẳng"
"establish ","v","ɪˈstæblɪʃ ","thành lập"
"estate ","n","ɪˈsteɪt ","tài sản"
"estimate ","v, n","ˈɛstəmət ","ước lượng"
"ethical ","adj","ˈɛθɪkəl ","đạo đức"
"evaluate ","v","ɪˈvæljuˌeɪt ","đánh giá"
"even ","adj","ˈivɪn ","thậm chí"
"evil ","adj, n","ˈivəl ","độc ác"
"examination ","n","ɪɡˌzæməˈneɪʃən ","bài kiểm tra"
"excuse ","n, v","ɪkˈskjus ","thứ lỗi"
"executive ","n, adj","ɪɡˈzɛkjətɪv ","điều hành"
"existence ","n","ɛɡˈzɪstəns ","sự tồn tại"
"expectation ","n","ˌɛkspɛkˈteɪʃən ","kỳ vọng"
"expense ","n","ɪkˈspɛns ","chi phí"
"exploration ","n","ˌɛkspləˈreɪʃən ","thăm dò"
"expose ","v","ɪkˈspoʊz ","phơi ra"
"extend ","v","ɪkˈstɛnd ","mở rộng"
"extent ","n","ɪkˈstɛnt ","phạm vi"
"external ","adj","ɪkˈstɜrnəl ","bên ngoài"
"extraordinary ","adj","ɪkˈstrɔrdəˌnɛri ","đặc biệt"
"extreme ","n","ɛkˈstrim ","vô cùng"
"facility ","n","fəˈsɪlɪti ","cơ sở"
"failure ","n","ˈfeɪljər ","sự thất bại"
"faith ","n","feɪθ ","sự tin tưởng"
"fault ","n","fɔlt ","lỗi"
"favour ","v","favour ","ủng hộ"
"feather ","n","ˈfɛðər ","lông vũ"
"fee ","n","fi ","phí"
"feed ","n","fid ","cho ăn"
"feedback ","n","ˈfidˌbæk ","nhận xét"
"feel ","n","fil ","cảm thấy"
"fellow ","adj","ˈfɛloʊ ","đồng nghiệp"
"figure ","v","ˈfɪɡjər ","nhân vật"
"file ","v","faɪl ","tài liệu"
"finance ","n, v","fəˈnæns ","tài chính"
"finding ","n","ˈfaɪndɪŋ ","Phát hiện"
"firm ","n","fɜrm ","vững chãi"
"fix ","n","fɪks ","sửa chữa"
"flame ","n","fleɪm ","ngọn lửa"
"flash ","n, v","flæʃ ","tốc biến"
"flexible ","adj","ˈflɛksəbəl ","linh hoạt"
"float ","v","floʊt ","trôi nổi"
"fold ","n","foʊld ","nếp gấp"
"folding ","adj","ˈfoʊldɪŋ ","gấp"
"following ","prep","ˈfɑloʊɪŋ ","tiếp theo"
"forgive ","v","fərˈɡɪv ","tha thứ"
"former ","adj","ˈfɔrmər ","trước"
"fortune ","n","ˈfɔrʧən ","vận may"
"forward ","adj","ˈfɔrwərd ","phía trước"
"found ","v","faʊnd ","thành lập"
"free ","v","fri ","miễn phí"
"freedom ","n","ˈfridəm ","tự do"
"frequency ","n","ˈfrikwənsi ","Tính thường xuyên"
"fuel ","v","ˈfjuəl ","nhiên liệu"
"fully ","adv","ˈfʊli ","đầy đủ"
"function ","v","ˈfʌŋkʃən ","chức năng"
"fund ","n, v","fʌnd ","quỹ"
"fundamental ","adj","ˌfʌndəˈmɛntəl ","cơ bản"
"funding ","n","ˈfʌndɪŋ ","kinh phí"
"furthermore ","adv","ˈfɜrðərˌmɔr ","hơn nữa"
"gain ","v, n","ɡeɪn ","nhận được"
"gang ","n","ɡæŋ ","băng nhóm"
"generate ","v","ˈʤɛnəˌreɪt ","phát ra"
"genre ","n","ˈʒɑnrə ","thể loại"
"govern ","v","ˈɡʌvərn ","quản lý"
"grab ","v","ɡræb ","vồ lấy"
"grade ","v","ɡreɪd ","cấp"
"gradually ","adv","ˈɡræʤuəli ","dần dần"
"grand ","adj","ɡrænd ","vĩ đại"
"grant ","v, n","ɡrænt ","khoản trợ cấp"
"guarantee ","v, n","ˌɡɛrənˈti ","bảo đảm"
"handle ","v, n","ˈhændəl ","xử lý"
"harm ","n, v","hɑrm ","làm hại"
"harmful ","adj","ˈhɑrmfəl ","có hại"
"hearing ","n","ˈhirɪŋ ","thính giác"
"heaven ","n","ˈhɛvən ","thiên đường"
"heel ","n","hil ","gót chân"
"hell ","n","hɛl ","địa ngục"
"hesitate ","v","ˈhɛzəˌteɪt ","do dự"
"high ","n","haɪ ","cao"
"hire ","n","ˈhaɪər ","Thuê"
"hold ","n","hoʊld ","giữ"
"hollow ","adj","ˈhɑloʊ ","rỗng"
"holy ","adj","ˈhoʊli ","thánh thiện"
"honour ","n, v","honour ","tôn kính"
"host ","v","hoʊst ","chủ nhà"
"house ","v","haʊs ","căn nhà"
"household ","n","ˈhaʊsˌhoʊld ","hộ gia đình "
"housing ","n","ˈhaʊzɪŋ ","nhà ở"
"humorous ","adj","ˈhjumərəs ","hài hước"
"humour ","n","humour ","hài hước"
"hunt ","n","hʌnt ","săn bắn"
"hunting ","n","ˈhʌntɪŋ ","săn bắn"
"hurt ","n","hɜrt ","đau"
"ideal ","n","aɪˈdil ","lý tưởng"
"illustrate ","v","ˈɪləˌstreɪt ","Minh họa"
"illustration ","n","ˌɪləˈstreɪʃən ","hình minh họa"
"imagination ","n","ɪˌmæʤəˈneɪʃən ","trí tưởng tượng"
"impatient ","adj","ɪmˈpeɪʃənt ","nóng nảy"
"imply ","v","ɪmˈplaɪ ","bao hàm, ngụ ý"
"impose ","v","ɪmˈpoʊz ","áp đặt"
"impress ","v","ˈɪmˌprɛs ","gây ấn tượng"
"impressed ","adj","ɪmˈprɛst ","ấn tượng"
"inch ","n","ɪnʧ ","inch"
"incident ","n","ˈɪnsədənt ","sự cố"
"income ","n","ˈɪnˌkʌm ","thu nhập"
"increasingly ","adv","ɪnˈkrisɪŋli ","ngày càng"
"industrial ","adj","ɪnˈdʌstriəl ","công nghiệp"
"infection ","n","ɪnˈfɛkʃən ","sự nhiễm trùng"
"inform ","v","ɪnˈfɔrm ","thông báo"
"initial ","adj","ɪˈnɪʃəl ","ban đầu"
"initially ","adv","ɪˈnɪʃəli ","ban đầu"
"initiative ","n","ɪˈnɪʃətɪv ","sáng kiến"
"inner ","adj","ˈɪnər ","bên trong"
"insight ","n","ˈɪnˌsaɪt ","cái nhìn thấu suốt"
"insist ","v","ɪnˈsɪst ","khăng khăng"
"inspire ","v","ɪnˈspaɪr ","truyền cảm hứng"
"install ","v","ɪnˈstɔl ","cài đặt"
"instance ","n","ˈɪnstəns ","ví dụ"
"institute ","n","ˈɪnstəˌtut ","học viện"
"institution ","n","ˌɪnstɪˈtuʃən ","tổ chức"
"insurance ","n","ɪnˈʃʊrəns ","bảo hiểm"
"intended ","adj","ɪnˈtɛndəd ","dự định"
"intense ","adj","ɪnˈtɛns ","mãnh liệt"
"internal ","adj","ɪnˈtɜrnəl ","nội bộ"
"interpret ","v","ɪnˈtɜrprət ","thông dịch"
"interrupt ","v","ˌɪntəˈrʌpt ","ngắt"
"investigation ","n","ɪnˌvɛstəˈɡeɪʃən ","cuộc điều tra"
"investment ","n","ɪnˈvɛstmənt ","sự đầu tư"
"issue ","v","ˈɪʃu ","vấn đề"
"joy ","n","ʤɔɪ ","vui sướng"
"judgement ","n","ˈʤʌʤmənt ","sự phán xét"
"junior ","adj","ˈʤunjər ","nhỏ"
"justice ","n","ˈʤʌstəs ","Sự công bằng"
"justify ","v","ˈʤʌstəˌfaɪ ","biện minh"
"labour ","n","ˈleɪˌbaʊr ","nhân công"
"landscape ","n","ˈlændˌskeɪp ","phong cảnh"
"largely ","adv","ˈlɑrʤli ","phần lớn"
"latest ","n","ˈleɪtəst ","muộn nhất"
"launch ","v, n","lɔnʧ ","phóng"
"leadership ","n","ˈlidərˌʃɪp ","Khả năng lãnh đạo"
"league ","n","liɡ ","liên đoàn"
"lean ","v","lin ","độ nghiêng"
"leave ","n","liv ","rời khỏi"
"level ","v","ˈlɛvəl ","mức độ"
"licence ","n","ˈlaɪsəns ","giấy phép"
"limited ","adj","ˈlɪmətəd ","giới hạn"
"line ","v","laɪn ","đường kẻ"
"lively ","adj","ˈlaɪvli ","sống động"
"load ","n, v","loʊd ","trọng tải"
"loan ","n","loʊn ","khoản vay"
"logical ","adj","ˈlɑʤɪkəl ","hợp lý"
"long-term ","adj, adv","ˈlɔŋˈtɜrm ","lâu dài"
"loose ","adj","lus ","lỏng lẻo"
"lord ","n","lɔrd ","Chúa tể"
"low ","n","loʊ ","thấp"
"lower ","v","ˈloʊər ","thấp hơn"
"lung ","n","lʌŋ ","phổi"
"maintain ","v","meɪnˈteɪn ","duy trì"
"majority ","n","məˈʤɔrəti ","số đông"
"make ","n","meɪk ","làm"
"map ","v","mæp ","bản đồ"
"mass ","n, adj","mæs ","khối"
"massive ","adj","ˈmæsɪv ","to lớn"
"master ","n, v","ˈmæstər ","bậc thầy"
"matching ","adj","ˈmæʧɪŋ ","khớp"
"material ","adj","məˈtɪriəl ","vật liệu"
"maximum ","adj, n","ˈmæksəməm ","tối đa"
"means ","n","minz ","có nghĩa"
"measurement ","n","ˈmɛʒərmənt ","đo đạc"
"medium ","n","ˈmidiəm ","trung bình"
"melt ","v","mɛlt ","tan chảy"
"military ","adj, n","ˈmɪləˌtɛri ","quân đội"
"mineral ","n","ˈmɪnərəl ","khoáng sản"
"minimum ","adj, n","ˈmɪnəməm ","tối thiểu"
"minister ","n","ˈmɪnəstər ","bộ trưởng, mục sư"
"minor ","adj","ˈmaɪnər ","người vị thành niên"
"minority ","n","maɪˈnɔrəti ","thiểu số"
"mission ","n","ˈmɪʃən ","Sứ mệnh"
"mistake ","v","mɪsˈteɪk ","sai lầm"
"mixed ","adj","mɪkst ","Trộn"
"model ","v","ˈmɑdəl ","người mẫu"
"modify ","v","ˈmɑdəˌfaɪ ","biến đổi"
"monitor ","n, v","ˈmɑnətər ","màn hình"
"moral ","adj, n","ˈmɔrəl ","có đạo đức"
"motor ","n, adj","ˈmoʊtər ","động cơ"
"mount ","v","maʊnt ","gắn kết"
"multiple ","adj","ˈmʌltəpəl ","nhiều"
"multiply ","v","ˈmʌltəˌplaɪ ","nhân"
"mysterious ","adj","mɪsˈtɪriəs ","bí ẩn"
"narrow ","v","ˈnɛroʊ ","chật hẹp"
"national ","n","ˈnæʃənəl ","quốc gia"
"neat ","adj","nit ","gọn gàng"
"negative ","n","ˈnɛɡətɪv ","tiêu cực"
"nerve ","n","nɜrv ","dây thần kinh"
"nevertheless ","adv","ˌnɛvərðəˈlɛs ","tuy nhiên"
"nightmare ","n","ˈnaɪtˌmɛr ","cơn ác mộng"
"notion ","n","ˈnoʊʃən ","khái niệm"
"numerous ","adj","ˈnumərəs ","nhiều"
"obey ","v","oʊˈbeɪ ","tuân theo"
"object ","v","ˈɑbʤɛkt ","sự vật"
"objective ","n, adj","əbˈʤɛktɪv ","khách quan"
"obligation ","n","ˌɑbləˈɡeɪʃən ","nghĩa vụ"
"observation ","n","ˌɑbzərˈveɪʃən ","quan sát"
"observe ","v","əbˈzɜrv ","quan sát"
"obtain ","v","əbˈteɪn ","đạt được"
"occasionally ","adv","əˈkeɪʒənəli ","thỉnh thoảng"
"offence ","n","offence ","xúc phạm"
"offend ","v","əˈfɛnd ","xúc phạm"
"offensive ","adj","əˈfɛnsɪv ","phản cảm"
"official ","n","əˈfɪʃəl ","chính thức"
"opening ","n","ˈoʊpənɪŋ ","khai mạc"
"operate ","v","ˈɑpəˌreɪt ","vận hành"
"opponent ","n","əˈpoʊnənt ","phản đối"
"oppose ","v","əˈpoʊz ","phản đối"
"opposed ","adj","əˈpoʊzd ","phản đối"
"opposition ","n","ˌɑpəˈzɪʃən ","Sự đối lập"
"organ ","n","ˈɔrɡən ","đàn organ"
"origin ","n","ˈɔrəʤən ","nguồn gốc"
"otherwise ","adv","ˈʌðərˌwaɪz ","nếu không thì"
"outcome ","n","ˈaʊtˌkʌm ","kết quả"
"outer ","adj","ˈaʊtər ","bên ngoài"
"outline ","n, v","ˈaʊtˌlaɪn ","đề cương"
"overall ","adj, adv","ˈoʊvəˌrɔl ","tổng thể"
"owe ","v","oʊ ","nợ"
"pace ","n, v","peɪs ","nhịp độ"
"package ","v","ˈpækəʤ ","bưu kiện"
"panel ","n","ˈpænəl ","bảng điều khiển"
"parliament ","n","ˈpɑrləmənt ","quốc hội"
"participant ","n","pɑrˈtɪsəpənt ","người tham gia"
"partly ","adv","ˈpɑrtli ","từng phần"
"passage ","n","ˈpæsəʤ ","đoạn văn"
"patient ","adj","ˈpeɪʃənt ","kiên nhẫn"
"pension ","n","ˈpenʃn","lương hưu"
"permanent ","adj","ˈpɜrmənənt ","Vĩnh viễn"
"permit ","v, n","ˈpɜrˌmɪt ","cho phép làm gì"
"perspective ","n","pərˈspɛktɪv ","luật xa gần"
"phase ","n","feɪz ","giai đoạn"
"phenomenon ","n","fəˈnɑməˌnɑn ","hiện tượng"
"philosophy ","n","fəˈlɑsəfi ","triết lý"
"pick ","n","pɪk ","nhặt"
"picture ","v","ˈpɪkʧər ","hình ảnh"
"pile ","n, v","paɪl ","Đóng cọc"
"pitch ","n","pɪʧ ","sân bóng đá"
"plain ","adj","pleɪn ","đơn giản"
"plot ","v","plɑt ","kịch bản"
"plus ","adj, n, conj","pʌls","cộng"
"pointed ","adj","ˈpɔɪntəd ","nhọn"
"popularity ","n","ˌpɑpjəˈlɛrəti ","phổ biến"
"pose ","v","poʊz ","tư thế"
"position ","v","pəˈzɪʃən ","chức vụ"
"positive ","n","ˈpɑzətɪv ","tích cực"
"possess ","v","pəˈzɛs ","sở hữu"
"potential ","adj, n","pəˈtɛnʃəl ","tiềm năng"
"power ","v","ˈpaʊər ","quyền lực"
"praise ","n, v","preɪz ","khen"
"pregnant ","adj","ˈprɛɡnənt ","có thai"
"preparation ","n","ˌprɛpəˈreɪʃən ","sự chuẩn bị"
"presence ","n","ˈprɛzəns ","sự hiện diện"
"preserve ","v","prəˈzɜrv ","bảo tồn"
"price ","v","praɪs ","giá "
"prime ","adj","praɪm ","xuất sắc"
"principle ","n","ˈprɪnsəpəl ","nguyên tắc"
"print ","n","prɪnt ","in"
"priority ","n","praɪˈɔrəti ","sự ưu tiên"
"privacy ","n","ˈpraɪvəsi ","sự riêng tư"
"procedure ","n","prəˈsiʤər ","thủ tục"
"process ","v","ˈprɑˌsɛs ","quá trình"
"produce ","n","ˈproʊdus ","sản xuất"
"professional ","n","prəˈfɛʃənəl ","chuyên nghiệp"
"progress ","v","ˈprɑˌɡrɛs ","tiến triển"
"project ","v","ˈprɑʤɛkt ","dự án"
"proof ","n","pruf ","bằng chứng"
"proposal ","n","prəˈpoʊzəl ","đề xuất"
"propose ","v","prəˈpoʊz ","cầu hôn"
"prospect ","n","ˈprɑspɛkt ","tiềm năng"
"protection ","n","prəˈtɛkʃən ","sự bảo vệ"
"psychologist ","n","saɪˈkɑləʤəst ","nhà tâm lý học"
"psychology ","n","saɪˈkɑləʤi ","tâm lý"
"publication ","n","ˌpʌblɪˈkeɪʃən ","sự xuất bản"
"pupil ","n","ˈpjupəl ","học sinh"
"purchase ","n, v","ˈpɜrʧəs ","mua"
"pure ","adj","pjʊr ","nguyên chất"
"pursue ","v","pərˈsu ","theo đuổi"
"range ","v","reɪnʤ ","phạm vi"
"rank ","n, v","ræŋk ","thứ hạng"
"rapid ","adj","ˈræpəd ","nhanh"
"rapidly ","adv","ˈræpədli ","liên tục"
"rate ","v","reɪt ","tỷ lệ"
"raw ","adj","rɑ ","thô"
"reach ","n","riʧ ","với tới"
"realistic ","adj","ˌriəˈlɪstɪk ","thực tế"
"reasonable ","adj","ˈrizənəbəl ","hợp lý"
"recall ","v","ˈriˌkɔl ","nhớ lại"
"recover ","v","rɪˈkʌvər ","hồi phục"
"reduction ","n","rəˈdʌkʃən ","sự giảm bớt"
"regard ","v, n","rəˈɡɑrd ","về"
"regional ","adj","ˈriʤənəl ","khu vực"
"register ","v, n","ˈrɛʤɪstər ","đăng ký"
"regret ","v, n","rəˈɡrɛt ","hối tiếc"
"regulation ","n","ˌrɛɡjəˈleɪʃən ","quy định"
"relatively ","adv","ˈrɛlətɪvli ","tương đối"
"relevant ","adj","ˈrɛləvənt ","liên quan"
"relief ","n","rɪˈlif ","sự cứu tế"
"rely ","v","rɪˈlaɪ ","phụ thuộc"
"remark ","n, v","rɪˈmɑrk ","nhận xét"
"representative ","n, adj","ˌrɛprəˈzɛntətɪv ","tiêu biểu"
"reputation ","n","ˌrɛpjəˈteɪʃən ","danh tiếng"
"requirement ","n","rɪˈkwaɪrmənt ","yêu cầu"
"rescue ","v, n","ˈrɛskju ","giải thoát"
"reserve ","n, v","rɪˈzɜrv ","dự trữ"
"resident ","n, adj","ˈrɛzɪdənt ","người dân"
"resist ","v","rɪˈzɪst ","kháng cự"
"resolve ","v","riˈzɑlv ","giải quyết"
"resort ","n","rɪˈzɔrt ","khu nghỉ mát"
"retain ","v","rɪˈteɪn ","giữ lại"
"reveal ","v","rɪˈvil ","tiết lộ"
"revolution ","n","ˌrɛvəˈluʃən ","cuộc cách mạng"
"reward ","n, v","rɪˈwɔrd ","phần thưởng"
"rhythm ","n","ˈrɪðəm ","nhịp"
"rid ","v","rɪd ","thoát khỏi"
"root ","n","rut ","nguồn gốc"
"round ","n","raʊnd ","tròn"
"routine ","adj","ruˈtin ","lịch trình"
"rub ","v","rʌb ","chà xát"
"rubber ","n, adj","ˈrʌbər ","cao su"
"rural ","adj","ˈrʊrəl ","nông thôn"
"rush ","v, n","rʌʃ ","cây bấc"
"sample ","v","ˈsæmpəl ","vật mẫu"
"satellite ","n","ˈsætəˌlaɪt ","vệ tinh"
"satisfied ","adj","ˈsætəˌsfaɪd ","thỏa mãn"
"satisfy ","v","ˈsætəˌsfaɪ ","thỏa mãn"
"saving ","n","ˈseɪvɪŋ ","tiết kiệm"
"scale ","n","skeɪl ","tỉ lệ"
"schedule ","v","ˈskɛʤʊl ","lịch trình"
"scheme ","n","skim ","cơ chế"
"scream ","v, n","skrim ","la hét"
"screen ","v","skrin ","màn hình"
"seat ","v","sit ","ghế"
"sector ","n","ˈsɛktər ","lĩnh vực"
"secure ","v, adj","sɪˈkjʊr ","chắc chắn"
"seek ","v","sik ","tìm kiếm"
"select ","v","səˈlɛkt ","lựa chọn"
"selection ","n","səˈlɛkʃən ","lựa chọn"
"self ","n","sɛlf ","bản thân"
"senior ","adj","ˈsinjər ","người lớn tuổi"
"sense ","v","sɛns ","giác quan"
"sensitive ","adj","ˈsɛnsətɪv ","nhạy cảm"
"sentence ","v","ˈsɛntəns ","câu"
"sequence ","n","ˈsikwəns ","sự liên tiếp"
"session ","n","ˈsɛʃən ","phiên họp"
"settle ","v","ˈsɛtəl ","ổn định"
"severe ","adj","səˈvɪr ","nghiêm trọng"
"shade ","n","ʃeɪd ","bóng râm"
"shadow ","n","ˈʃæˌdoʊ ","bóng tối"
"shallow ","adj","ˈʃæloʊ ","nông"
"shame ","n","ʃeɪm ","nỗi tủi nhục"
"shape ","v","ʃeɪp ","hình dạng"
"shelter ","n, v","ˈʃɛltər ","nơi trú ẩn"
"shift ","v","ʃɪft ","sự thay đổi"
"ship ","v","ʃɪp ","tàu thủy"
"shock ","n, v","ʃɑk ","sốc"
"shocked ","adj","ʃɑkt ","bị sốc"
"shooting ","n","ˈʃutɪŋ ","chụp"
"shot ","n","ʃɑt ","bắn"
"significant ","adj","səɡˈnɪfɪkənt ","có ý nghĩa"
"significantly ","adv","sɪɡˈnɪfɪkəntli ","đáng kể"
"silence ","n","ˈsaɪləns ","im lặng"
"silk ","n","sɪlk ","lụa"
"sincere ","adj","sɪnˈsɪr ","chân thành"
"slave ","n","sleɪv ","nô lệ"
"slide ","v, n","slaɪd ","cầu trượt"
"slight ","adj","slaɪt ","mảnh dẻ"
"slip ","v","slɪp ","trượt"
"slope ","n, v","sloʊp ","dốc"
"solar ","adj","ˈsoʊlər ","mặt trời"
"somewhat ","adv","ˈsʌmˈwʌt ","phần nào"
"soul ","n","soʊl ","linh hồn"
"specialist ","n, adj","ˈspɛʃələst ","chuyên gia"
"species ","n","ˈspiʃiz ","giống loài"
"speed ","v","spid ","tốc độ"
"spiritual ","adj","ˈspɪrɪʧəwəl ","tinh thần"
"split ","v, n","splɪt ","tách ra"
"sponsor ","v, n","ˈspɑnsər ","nhà tài trợ"
"spot ","v","spɑt ","điểm"
"spread ","n","sprɛd ","lây lan"
"stable ","adj","ˈsteɪbəl ","ổn định"
"stage ","v","steɪʤ ","sân khấu"
"stand ","n","stænd ","đứng"
"stare ","v","stɛr ","nhìn chằm chằm"
"status ","n","ˈstætəs ","trạng thái"
"steady ","adj","ˈstɛdi ","vững chắc"
"steel ","n","stil ","Thép"
"steep ","adj","stip ","dốc"
"step ","v","stɛp ","bước chân"
"sticky ","adj","ˈstɪki ","dính"
"stiff ","adj","stɪf ","cứng nhắc"
"stock ","n","stɑk ","Cổ phần"
"stream ","n","strim ","suối"
"stretch ","v, n","strɛʧ ","kéo dài"
"strict ","adj","strɪkt ","nghiêm ngặt"
"strike ","v, n","straɪk ","đánh đập"
"structure ","v","ˈstrʌkʧər ","kết cấu"
"struggle ","v, n","ˈstrʌɡəl ","đấu tranh "
"stuff ","v","stʌf ","chất liệu"
"subject ","adj","ˈsʌbʤɪkt ","chủ thể"
"submit ","v","səbˈmɪt ","nộp"
"sum ","n, v","sʌm ","Tổng"
"surgery ","n","ˈsɜrʤəri ","ca phẫu thuật"
"surround ","v","səˈraʊnd ","vây quanh"
"surrounding ","adj","səˈraʊndɪŋ ","xung quanh"
"survey ","v","ˈsɜrˌveɪ ","sự khảo sát"
"suspect ","v, n","ˈsʌˌspɛkt ","nghi ngờ"
"swear ","v","swɛr ","thề"
"sweep ","v","swip ","quét"
"switch ","n","swɪʧ ","công tắc"
"sympathy ","n","ˈsɪmpəθi ","sự đồng cảm"
"tale ","n","teɪl ","câu chuyện"
"tank ","n","tæŋk ","xe tăng"
"target ","v","ˈtɑrɡət ","mục tiêu"
"tear ","v, n","teə(r)","xé, chỗ rách"
"temporary ","adj","ˈtɛmpəˌrɛri ","tạm thời"
"term ","v","tɜrm ","thuật ngữ"
"therapy ","n","ˈθɛrəpi ","trị liệu"
"threat ","n","θrɛt ","mối đe dọa"
"threaten ","v","ˈθrɛtən ","hăm dọa"
"thus ","adv","ðʌs ","do đó"
"time ","v","taɪm ","thời gian"
"title ","v","ˈtaɪtəl ","tiêu đề"
"tone ","n","toʊn ","tấn"
"tough ","adj","tʌf ","khó"
"track ","v","træk ","theo dõi"
"transfer ","v, n","ˈtrænsfər ","chuyển khoản"
"transform ","v","trænˈsfɔrm ","biến đổi"
"transition ","n","trænˈzɪʃən ","chuyển tiếp"
"trial ","n","ˈtraɪəl ","sự thử nghiệm"
"trip ","v","trɪp ","chuyến đi"
"tropical ","adj","ˈtrɑpɪkəl ","nhiệt đới"
"trouble ","v","ˈtrʌbəl ","rắc rối"
"truly ","adv","ˈtruli ","thực sự"
"trust ","n, v","trʌst ","lòng tin"
"try ","n","traɪ ","thử"
"tune ","n","tun ","điều chỉnh"
"tunnel ","n","ˈtʌnəl ","đường hầm"
"ultimately ","adv","ˈʌltəmətli ","cuối cùng"
"unconscious ","adj","ˌʌnˈkɑnʃəs ","bất tỉnh"
"unexpected ","adj","ˌʌnɪkˈspɛktɪd ","không ngờ tới"
"unique ","adj","juˈnik ","độc nhất"
"universe ","n","ˈjunəˌvɜrs ","vũ trụ"
"unknown ","adj","ənˈnoʊn ","không xác định"
"upper ","adj","ˈʌpər ","phía trên"
"upwards ","adv","ˈʌpwərdz ","trở lên"
"urban ","adj","ˈɜrbən ","đô thị"
"urge ","v","ɜrʤ ","thúc giục"
"value ","v","ˈvælju ","giá trị"
"vary ","v","ˈvɛri ","thay đổi"
"vast ","adj","væst ","rộng lớn"
"venue ","n","ˈvɛnju ","địa điểm"
"very ","adj","ˈvɛri ","rất"
"via ","prep","ˈvaɪə ","thông qua"
"victory ","n","ˈvɪktəri ","chiến thắng"
"violence ","n","ˈvaɪələns ","bạo lực"
"virtual ","adj","ˈvɜrʧuəl ","ảo"
"vision ","n","ˈvɪʒən ","tầm nhìn"
"visual ","adj","ˈvɪʒəwəl ","thị giác"
"vital ","adj","ˈvaɪtəl ","thiết yếu"
"vitamin ","n","ˈvaɪtəmən ","vitamin"
"volume ","n","ˈvɑljum ","âm lượng"
"wage ","n","weɪʤ ","tiền công"
"way ","adv","weɪ ","đường"
"weakness ","n","ˈwiknəs ","yếu đuối"
"wealth ","n","wɛlθ ","sự giàu có"
"wealthy ","adj","ˈwɛlθi ","giàu có"
"whereas ","conj","wɛˈræz ","trong khi"
"wherever ","conj","wɛˈrɛvər ","bất cứ nơi nào"
"whisper ","v, n","ˈwɪspər ","thì thầm"
"whom ","pron","hum ","ai"
"widely ","adv","ˈwaɪdli ","rộng rãi"
"wildlife ","n","ˈwaɪlˌdlaɪf ","động vật hoang dã"
"willing ","adj","ˈwɪlɪŋ ","sẵn sàng"
"wind ","v","wɪnd","Làm cho ai đó khó thở trong một thời gian ngắn."
"wire ","n","ˈwaɪər ","dây điện"
"wise ","adj","waɪz ","khôn ngoan"
"witness ","n, v","ˈwɪtnəs ","nhân chứng"
"worse ","n","wɜrs ","tệ hơn"
"worst ","n","wɜrst ","tồi tệ nhất"
"worth ","n","wɜrθ ","đáng giá"
"wound ","n, v","wund ","vết thương"
"wrap ","v","ræp ","bọc"
"wrong ","n","rɔŋ ","sai"
"yet ","conj","jɛt ","chưa"
"zone ","n","zoʊn ","vùng"
"absorb ","v.","əbˈzɔrb ","hấp thụ"
"abstract ","adj.","ˈæbstrækt ","trừu tượng"
"accent ","n.","ˈæksɛnt ","giọng"
"accidentally ","adv.","ˌæksəˈdɛntəli ","vô tình"
"accommodate ","v.","əˈkɑməˌdeɪt ","chứa"
"accomplish ","v.","əˈkɑmplɪʃ ","hoàn thành"
"accountant ","n.","əˈkaʊntənt ","kế toán viên"
"accuracy ","n.","ˈækjərəsi ","sự chính xác"
"accurately ","adv.","ˈækjərətli ","chính xác"
"acid ","n.","ˈæsəd ","axit"
"activate ","v.","ˈæktəˌveɪt ","kích hoạt"
"addiction ","n.","əˈdɪkʃən ","nghiện"
"additionally ","adv.","əˈdɪʃənəli ","Ngoài ra"
"adequate ","adj.","ˈædəkwət ","đủ"
"adequately ","adv.","ˈædəkwətli ","đầy đủ"
"adjust ","v.","əˈʤʌst ","điều chỉnh"
"affordable ","adj.","əˈfɔrdəbəl ","có thể chi trả"
"agriculture ","n.","ˈæɡrɪˌkʌlʧər ","nông nghiệp"
"AIDS ","n.","eɪdz ","AIDS"
"alien ","n.","ˈeɪliən ","người ngoài hành tinh"
"alongside ","prep.","əˈlɔŋˈsaɪd ","bên cạnh"
"altogether ","adv.","ˌɔltəˈɡɛðər ","toàn bộ"
"ambulance ","n.","ˈæmbjələns ","xe cứu thương"
"amusing ","adj.","əmˈjuzɪŋ ","vui"
"analyst ","n.","ˈænələst ","nhà phân tích"
"ancestor ","n.","ˈænˌsɛstər ","tổ tiên"
"animation ","n.","ˌænəˈmeɪʃən ","hoạt hình"
"annually ","adv.","ˈænjuəli ","hàng năm"
"anticipate ","v.","ænˈtɪsəˌpeɪt ","đoán trước"
"anxiety ","n.","æŋˈzaɪəti ","sự lo lắng"
"apology ","n.","əˈpɑləʤi ","lời xin lỗi"
"applicant ","n.","ˈæplɪkənt ","người xin việc"
"appropriately ","adv.","əˈproʊpriɪtli ","thích hợp"
"arrow ","n.","ˈæroʊ ","mũi tên"
"artwork ","n.","ˈɑrˌtwɜrk ","tác phẩm nghệ thuật"
"aside ","adv.","əˈsaɪd ","qua một bên"
"asset ","n.","ˈæˌsɛt ","tài sản"
"assign ","v.","əˈsaɪn ","giao phó"
"assistance ","n.","əˈsɪstəns ","hỗ trợ"
"assumption ","n.","əˈsʌmpʃən ","giả thiết"
"assure ","v.","əˈʃʊr ","cam đoan"
"astonishing ","adj.","əˈstɑnɪʃɪŋ ","kinh ngạc"
"attachment ","n.","əˈtæʧmənt ","tập tin đính kèm"
"auction ","n.","ˈɑkʃən ","bán đấu giá"
"audio ","adj.","ˈɑdiˌoʊ ","âm thanh"
"automatic ","adj.","ˌɔtəˈmætɪk ","tự động"
"automatically ","adv.","ˌɔtəˈmætɪkli ","tự động"
"awareness ","n.","əˈwɛrnəs ","nhận thức"
"awkward ","adj.","ˈɑkwərd ","vụng về"
"badge ","n.","bæʤ ","huy hiệu"
"balanced ","adj.","ˈbælənst ","cân bằng"
"ballet ","n.","bæˈleɪ ","vở ballet"
"balloon ","n.","bəˈlun ","bóng bay"
"barely ","adv.","ˈbɛrli ","vừa đủ"
"bargain ","n.","ˈbɑrɡən ","mặc cả"
"basement ","n.","ˈbeɪsmənt ","tầng hầm"
"basket ","n.","ˈbæskət ","rổ"
"bat ","n.","bæt ","con dơi"
"beneficial ","adj.","ˌbɛnəˈfɪʃəl ","có lợi"
"beside ","prep.","bɪˈsaɪd ","bên cạnh"
"besides ","prep., adv.","bɪˈsaɪdz ","bên cạnh đó"
"bias ","n.","ˈbaɪəs ","Thiên kiến"
"bid ","n., v.","bɪd ","đấu thầu"
"biological ","adj.","ˌbaɪəˈlɑʤɪkəl ","sinh học"
"blanket ","n.","ˈblæŋkət ","cái chăn"
"blow ","n.","bloʊ ","thổi"
"bold ","adj.","boʊld ","in đậm"
"bombing ","n.","ˈbɑmɪŋ ","đánh bom"
"booking ","n.","ˈbʊkɪŋ ","Đặt trước"
"boost ","v., n.","bust ","tăng"
"bound ","adj.","baʊnd ","ràng buộc"
"brick ","n.","brɪk ","gạch"
"briefly ","adv.","ˈbrifli ","Tóm tắt"
"broadcaster ","n.","ˈbrɔdˌkæstər ","đài phát thanh"
"broadly ","adv.","ˈbrɔdli ","một cách rộng rãi"
"bug ","n.","bʌɡ ","sâu bọ"
"cabin ","n.","ˈkæbən ","cabin"
"canal ","n.","kəˈnæl ","con kênh"
"candle ","n.","ˈkændəl ","nến"
"carbon ","n.","ˈkɑrbən ","carbon"
"casual ","adj.","ˈkæʒəwəl ","bình thường"
"cave ","n.","keɪv ","hang"
"certainty ","n.","ˈsɜrtənti ","sự chắc chắn"
"certificate ","n.","sərˈtɪfɪkət ","giấy chứng nhận"
"challenging ","adj.","ˈʧælənʤɪŋ ","thách thức"
"championship ","n.","ˈʧæmpiənˌʃɪp ","chức vô địch"
"charming ","adj.","ˈʧɑrmɪŋ ","quyến rũ"
"chase ","v., n.","ʧeɪs ","đuổi"
"cheek ","n.","ʧik ","má"
"cheer ","v., n.","ʧɪr ","reo hò"
"choir ","n.","ˈkwaɪər ","hợp xướng"
"chop ","v.","ʧɑp ","chặt"
"circuit ","n.","ˈsɜrkət ","mạch điện"
"civilization ","n.","ˌsɪvəlɪˈzeɪʃən ","nền văn minh"
"clarify ","v.","ˈklɛrəˌfaɪ ","làm rõ"
"classify ","v.","ˈklæsəˌfaɪ ","phân loại"
"clerk ","n.","klɜrk ","nhân viên văn phòng"
"cliff ","n.","klɪf ","vách đá"
"clinic ","n.","ˈklɪnɪk ","phòng khám"
"clip ","n.","klɪp ","kẹp"
"coincidence ","n.","koʊˈɪnsɪdəns ","sự trùng hợp ngẫu nhiên"
"collector ","n.","kəˈlɛktər ","người sưu tầm"
"colony ","n.","ˈkɑləni ","thuộc địa"
"colourful ","adj.","colourful ","Đầy màu sắc"
"comic ","adj., n.","ˈkɑmɪk ","hài hước"
"commander ","n.","kəˈmændər ","chỉ huy"
"comparative ","adj.","kəmˈpɛrətɪv ","so sánh"
"completion ","n.","kəmˈpliʃən ","hoàn thành"
"compose ","v.","kəmˈpoʊz ","soạn, biên soạn"
"composer ","n.","kəmˈpoʊzər ","nhà soạn nhạc"
"compound ","n.","ˈkɑmpaʊnd ","hợp chất"
"comprehensive ","adj.","ˌkɑmpriˈhɛnsɪv ","toàn diện"
"comprise ","v.","kəmˈpraɪz ","bao gồm"
"compulsory ","adj.","kəmˈpʌlsəri ","bắt buộc"
"concrete ","adj., n.","ˈkɑnkrit ","bê tông"
"confess ","v.","kənˈfɛs ","xưng"
"confusion ","n.","kənˈfjuʒən ","lú lẫn"
"consequently ","adv.","ˈkɑnsəkwəntli ","do đó"
"conservation ","n.","ˌkɑnsərˈveɪʃən ","bảo tồn"
"considerable ","adj.","kənˈsɪdərəbəl ","đáng kể"
"considerably ","adv.","kənˈsɪdərəbli ","đáng kể"
"consistently ","adv.","kənˈsɪstəntli ","nhất quán"
"conspiracy ","n.","kənˈspɪrəsi ","âm mưu"
"consult ","v.","kənˈsʌlt ","tham khảo ý kiến"
"consultant ","n.","kənˈsʌltənt ","tư vấn"
"consumption ","n.","kənˈsʌmpʃən ","sự tiêu thụ"
"controversial ","adj.","ˌkɑntrəˈvɜrʃəl ","gây tranh cãi"
"controversy ","n.","ˈkɑntrəˌvɜrsi ","tranh cãi"
"convenience ","n.","kənˈvinjəns ","sự tiện lợi"
"convention ","n.","kənˈvɛnʃən ","quy ước"
"conventional ","adj.","kənˈvɛnʃənəl ","thông thường"
"convey ","v.","kənˈveɪ ","chuyên chở"
"convincing ","adj.","kənˈvɪnsɪŋ ","thuyết phục"
"cope ","v.","koʊp ","đối phó"
"corporation ","n.","ˌkɔrpəˈreɪʃən ","tập đoàn"
"corridor ","n.","ˈkɔrədər ","hành lang"
"counter ","(long flat surface) n.","ˈkaʊntər ","quầy tính tiền"
"coverage ","n.","ˈkʌvərəʤ ","phủ sóng"
"crack ","v., n.","kræk ","nứt"
"craft ","n.","kræft ","thủ công"
"creativity ","n.","ˌkrieɪˈtɪvəti ","sáng tạo"
"critically ","adv.","ˈkrɪtɪkəli ","quan trọng"
"cruise ","n., v.","kruz ","du thuyền"
"cue ","n.","kju ","gợi ý"
"curious ","adj.","ˈkjʊriəs ","tò mò"
"curriculum ","n.","kəˈrɪkjələm ","chương trình giảng dạy"
"cute ","adj.","kjut ","dễ thương"
"dairy ","n., adj.","ˈdɛri ","sản phẩm bơ sữa"
"dare ","v.","dɛr ","dám"
"darkness ","n.","ˈdɑrknəs ","bóng tối"
"database ","n.","ˈdeɪtəˌbeɪs ","cơ sở dữ liệu"
"deadline ","n.","ˈdɛˌdlaɪn ","thời hạn"
"deadly ","adj.","ˈdɛdli ","chết người"
"dealer ","n.","ˈdilər ","người buôn bán"
"deck ","n.","dɛk ","boong tàu"
"defender ","n.","dɪˈfɛndər ","hậu vệ"
"delete ","v.","dɪˈlit ","xóa bỏ"
"democracy ","n.","dɪˈmɑkrəsi ","nền dân chủ"
"democratic ","adj.","ˌdɛməˈkrætɪk ","dân chủ"
"demonstration ","n.","ˌdɛmənˈstreɪʃən ","cuộc biểu tình"
"depart ","v.","dɪˈpɑrt ","khởi hành"
"dependent ","adj.","dɪˈpɛndənt ","sự phụ thuộc"
"deposit ","n.","dəˈpɑzɪt ","tiền gửi"
"depression ","n.","dɪˈprɛʃən ","trầm cảm"
"derive ","v.","dəˈraɪv ","lấy được"
"desperately ","adv.","ˈdɛspərətli ","tuyệt vọng"
"destruction ","n.","dɪˈstrʌkʃən ","sự phá hủy"
"determination ","n.","dɪˌtɜrməˈneɪʃən ","sự quyết tâm"
"devote ","v.","dɪˈvoʊt ","cống hiến"
"differ ","v.","ˈdɪfər ","khác nhau"
"disability ","n.","ˌdɪsəˈbɪlɪti ","khuyết tật"
"disabled ","adj.","dɪˈseɪbəld ","tàn tật"
"disagreement ","n.","dɪsəˈɡrimənt ","bất đồng ý kiến"
"disappoint ","v.","ˌdɪsəˈpɔɪnt ","thất vọng"
"disappointment ","n.","ˌdɪsəˈpɔɪntmənt ","sự thất vọng"
"discourage ","v.","dɪˈskɜrɪʤ ","không khuyến khích"
"disorder ","n.","dɪˈsɔrdər ","rối loạn"
"distant ","adj.","ˈdɪstənt ","xa xôi"
"distinct ","adj.","dɪˈstɪŋkt ","riêng biệt"
"distinguish ","v.","dɪˈstɪŋɡwɪʃ ","phân biệt"
"distract ","v.","dɪˈstrækt ","đánh lạc hướng"
"disturb ","v.","dɪˈstɜrb ","quấy rầy"
"dive ","v., n.","daɪv ","lặn"
"diverse ","adj.","daɪˈvɜrs ","phong phú"
"diversity ","n.","dɪˈvɜrsəti ","đa dạng"
"divorce ","n., v.","dɪˈvɔrs ","ly hôn"
"dominant ","adj.","ˈdɑmənənt ","trội"
"donation ","n.","doʊˈneɪʃən ","Quyên góp"
"dot ","n.","dɑt ","dấu chấm"
"downtown ","n., adj., adv.","ˈdaʊnˈtaʊn ","trung tâm thành phố"
"dramatically ","adv.","drəˈmætɪkli ","đáng kể"
"drought ","n.","draʊt ","hạn hán"
"dull ","adj.","dʌl ","đần độn"
"dump ","v.","dʌmp ","bãi rác"
"duration ","n.","ˈdʊˈreɪʃən ","khoảng thời gian"
"dynamic ","adj.","daɪˈnæmɪk ","năng động"
"economics ","n.","ˌɛkəˈnɑmɪks ","Kinh tế học"
"economist ","n.","ɪˈkɑnəmɪst ","nhà kinh tế học"
"editorial ","adj.","ˌɛdəˈtɔriəl ","biên tập"
"efficiently ","adv.","ɪˈfɪʃəntli ","hiệu quả"
"elbow ","n.","ˈɛlˌboʊ ","khuỷu tay"
"electronics ","n.","ɪˌlɛkˈtrɑnɪks ","thiết bị điện tử"
"elegant ","adj.","ˈɛləɡənt ","thanh lịch"
"elementary ","adj.","ˌɛləˈmɛntri ","tiểu học"
"eliminate ","v.","ɪˈlɪməˌneɪt ","loại bỏ"
"embrace ","v.","ɛmˈbreɪs ","ôm"
"emission ","n.","ɪˈmɪʃən ","khí thải"
"emotionally ","adv.","ɪˈmoʊʃnəli ","về mặt cảm xúc"
"empire ","n.","ˈɛmpaɪər ","đế chế"
"enjoyable ","adj.","ɛnˈʤɔɪəbəl ","thú vị"
"entertaining ","adj.","ˌɛntərˈteɪnɪŋ ","giải trí"
"entrepreneur ","n.","ˌɑntrəprəˈnɜr ","doanh nhân"
"envelope ","n.","ˈɛnvəˌloʊp ","phong bì"
"equip ","v.","ɪˈkwɪp ","trang bị"
"equivalent ","n., adj.","ɪˈkwɪvələnt ","tương đương"
"era ","n.","ˈɛrə ","kỷ nguyên"
"erupt ","v.","ɪˈrʌpt ","phun trào"
"essentially ","adv.","ɪˈsɛnʃəli ","Thiết yếu"
"ethic ","n.","ˈɛθɪk ","đạo đức"
"ethnic ","adj.","ˈɛθnɪk ","dân tộc"
"evaluation ","n.","ɪˌvæljuˈeɪʃən ","sự đánh giá"
"evident ","adj.","ˈɛvədənt ","hiển nhiên"
"evolution ","n.","ˌɛvəˈluʃən ","sự tiến hóa"
"evolve ","v.","ɪˈvɑlv ","tiến hóa"
"exceed ","v.","ɪkˈsid ","quá"
"exception ","n.","ɪkˈsɛpʃən ","ngoại lệ"
"excessive ","adj.","ɪkˈsɛsɪv ","quá đáng"
"exclude ","v.","ɪkˈsklud ","loại trừ"
"exhibit ","v., n.","ɪɡˈzɪbɪt ","triển lãm"
"exit ","n.","ˈɛɡzɪt ","lối ra"
"exotic ","adj.","ɪɡˈzɑtɪk ","kỳ lạ"
"expansion ","n.","ɪkˈspænʃən ","sự bành trướng"
"expertise ","n.","ˌɛkspərˈtiz ","chuyên môn"
"exploit ","v.","ˈɛkˌsplɔɪt ","khai thác"
"exposure ","n.","ɪkˈspoʊʒər ","phơi bày"
"extension ","n.","ɪkˈstɛnʃən ","sự mở rộng"
"extensive ","adj.","ɪkˈstɛnsɪv ","rộng rãi"
"extensively ","adv.","ɪkˈstɛnsɪvli ","một cách chuyên sâu"
"extract ","n.","ˈɛkˌstrækt ","trích xuất"
"fabric ","n.","ˈfæbrɪk ","vải vóc"
"fabulous ","adj.","ˈfæbjələs ","tuyệt vời"
"failed ","adj.","feɪld ","thất bại"
"fake ","adj.","feɪk ","giả mạo"
"fame ","n.","feɪm ","danh tiếng"
"fantasy ","n.","ˈfæntəsi ","tưởng tượng"
"fare ","n.","fɛr ","giá vé"
"federal ","adj.","ˈfɛdərəl ","liên bang"
"fever ","n.","ˈfivər ","sốt"
"firefighter ","n.","ˈfaɪrˌfaɪtər ","lính cứu hỏa"
"firework ","n.","ˈfaɪrˌwɜrk ","pháo hoa"
"firm ","adj.","fɜrm ","vững chãi"
"firmly ","adv.","ˈfɜrmli ","vững chắc"
"flavour ","n.","flavour ","hương vị"
"fond ","adj.","fɑnd ","ngây thơ"
"fool ","n.","ful ","ngu xuẩn"
"forbid ","v.","fərˈbɪd ","ngăn cấm"
"forecast ","n., v.","ˈfɔrˌkæst ","dự báo"
"format ","n.","ˈfɔrˌmæt ","định dạng"
"formation ","n.","fɔrˈmeɪʃən ","sự hình thành"
"formerly ","adv.","ˈfɔrmərli ","trước kia"
"fortunate ","adj.","ˈfɔrʧənət ","may mắn"
"forum ","n.","ˈfɔrəm ","diễn đàn"
"fossil ","n.","ˈfɑsəl ","hóa thạch"
"foundation ","n.","faʊnˈdeɪʃən ","sự thành lập"
"founder ","n.","ˈfaʊndər ","người sáng lập"
"fraction ","n.","ˈfrækʃən ","phân số"
"fragment ","n.","ˈfræɡmənt ","miếng"
"framework ","n.","ˈfreɪmˌwɜrk ","khuôn khổ"
"fraud ","n.","frɔd ","gian lận"
"freely ","adv.","ˈfrili ","tự do"
"frequent ","adj.","ˈfrikwənt ","thường xuyên"
"fulfil ","v.","fulfil ","thực hiện"
"full-time ","adj./adv.","fʊl-taɪm ","toàn thời gian"
"fundamentally ","adv.","ˌfʌndəˈmɛntəli ","về cơ bản"
"furious ","adj.","ˈfjʊriəs ","giận dữ"
"gaming ","n.","ˈɡeɪmɪŋ ","chơi game"
"gay ","adj.","ɡeɪ ","đồng tính nam"
"gender ","n.","ˈʤɛndər ","giới tính"
"gene ","n.","ʤin ","gen"
"genetic ","adj.","ʤəˈnɛtɪk ","di truyền"
"genius ","n.","ˈʤinjəs ","thiên tài"
"genuine ","adj.","ˈʤɛnjəwən ","thành thật"
"genuinely ","adv.","ˈʤɛnjəwənli ","chân thật"
"gesture ","n.","ˈʤɛsʧər ","cử chỉ"
"gig ","n.","ɡɪɡ ","buổi biểu diễn"
"globalization ","n.","ˌɡloʊbəlɪˈzeɪʃən ","toàn cầu hóa"
"globe ","n.","ɡloʊb ","khối cầu"
"golden ","adj.","ˈɡoʊldən ","vàng"
"goodness ","n.","ˈɡʊdnəs ","lòng tốt"
"gorgeous ","adj.","ˈɡɔrʤəs ","lộng lẫy"
"governor ","n.","ˈɡʌvərnər ","thống đốc"
"graphic ","adj.","ˈɡræfɪk ","đồ họa"
"graphics ","n.","ˈɡræfɪks ","đồ họa"
"greatly ","adv.","ˈɡreɪtli ","rất nhiều"
"greenhouse ","n.","ˈɡrinˌhaʊs ","nhà kính"
"grocery ","n.","ˈɡroʊsəri ","cửa hàng tạp hóa"
"guideline ","n.","ˈɡaɪˌdlaɪn ","hướng dẫn"
"habitat ","n.","ˈhæbəˌtæt ","môi trường sống"
"harbour ","n.","ˈhɑrbər ","Hải cảng"
"headquarters ","n.","ˈhɛdˌkwɔrtərz ","trụ sở chính"
"heal ","v.","hil ","chữa lành"
"healthcare ","n.","ˈhɛlθˌkɛr ","chăm sóc sức khỏe"
"helmet ","n.","ˈhɛlmət ","mũ bảo hiểm"
"hence ","adv.","hɛns ","kể từ đây"
"herb ","n.","ɜrb ","thảo dược"
"hidden ","adj.","ˈhɪdən ","ẩn giấu"
"highway ","n.","ˈhaɪˌweɪ ","Xa lộ"
"hilarious ","adj.","hɪˈlɛriəs ","vui vẻ"
"hip ","n.","hɪp ","hông"
"historian ","n.","hɪˈstɔriən ","nhà sử học"
"homeless ","adj.","ˈhoʊmləs ","vô gia cư"
"honesty ","n.","ˈɑnəsti ","trung thực"
"hook ","n.","hʊk ","cái móc"
"hopefully ","adv.","ˈhoʊpfəli ","hy vọng"
"hunger ","n.","ˈhʌŋɡər ","nạn đói"
"hypothesis ","n.","haɪˈpɑθəsəs ","giả thuyết"
"icon ","n.","ˈaɪkɑn ","biểu tượng"
"ID ","n.","ɪd ","NHẬN DẠNG"
"identical ","adj.","aɪˈdɛntɪkəl ","giống hệt nhau"
"illusion ","n.","ɪˈluʒən ","ảo giác"
"immigration ","n.","ˌɪməˈɡreɪʃən ","nhập cư"
"immune ","adj.","ɪmˈjun ","miễn dịch"
"implement ","v.","ˈɪmpləmənt ","thực hiện"
"implication ","n.","ˌɪmpləˈkeɪʃən ","hàm ý"
"incentive ","n.","ɪnˈsɛntɪv ","khích lệ"
"incorporate ","v.","ɪnˈkɔrpərɪt ","kết hợp"
"incorrect ","adj.","ɪnkəˈrɛkt ","không đúng"
"independence ","n.","ˌɪndɪˈpɛndəns ","Sự độc lập"
"index ","n.","ˈɪndɛks ","mục lục"
"indication ","n.","ˌɪndəˈkeɪʃən ","chỉ dẫn"
"inevitable ","adj.","ɪˈnɛvətəbəl ","không thể tránh khỏi"
"inevitably ","adv.","ɪˈnɛvətəbli ","tất yếu"
"infer ","v.","ɪnˈfɜr ","suy luận"
"inflation ","n.","ɪnˈfleɪʃən ","lạm phát"
"info ","n.","ˈɪnfoʊ ","thông tin"
"infrastructure ","n.","ˌɪnfrəˈstrʌkʧər ","cơ sở hạ tầng"
"inhabitant ","n.","ɪnˈhæbətənt ","cư dân"
"inherit ","v.","ɪnˈhɛrət ","thừa kế"
"ink ","n.","ɪŋk ","mực"
"innovation ","n.","ˌɪnəˈveɪʃən ","sự đổi mới"
"innovative ","adj.","ˈɪnəˌveɪtɪv ","đổi mới"
"input ","n.","ˈɪnˌpʊt ","đầu vào"
"insert ","v.","ɪnˈsɜrt ","chèn"
"inspector ","n.","ɪnˈspɛktər ","thanh tra"
"installation ","n.","ˌɪnstəˈleɪʃən ","cài đặt"
"instant ","adj.","ˈɪnstənt ","lập tức"
"instantly ","adv.","ˈɪnstəntli ","ngay lập tức"
"integrate ","v.","ˈɪntəˌɡreɪt ","tích hợp"
"intellectual ","adj.","ˌɪntəˈlɛkʧuəl ","trí tuệ"
"interact ","v.","ˌɪntəˈrækt ","tương tác"
"interaction ","n.","ˌɪntəˈrækʃən ","sự tương tác"
"interpretation ","n.","ɪnˌtɜrprɪˈteɪʃən ","diễn dịch"
"interval ","n.","ˈɪntərvəl ","khoảng thời gian"
"invade ","v.","ɪnˈveɪd ","xâm lược"
"invasion ","n.","ɪnˈveɪʒən ","cuộc xâm lăng"
"investor ","n.","ɪnˈvɛstər ","nhà đầu tư"
"isolate ","v.","ˈaɪsəˌleɪt ","cô lập"
"isolated ","adj.","ˈaɪsəˌleɪtəd ","bị cô lập"
"jail ","n., v.","ʤeɪl ","nhà giam"
"jet ","n.","ʤɛt ","máy bay phản lực"
"joint ","adj., n.","ʤɔɪnt ","chung"
"journalism ","n.","ˈʤɜrnəˌlɪzəm ","báo chí"
"jury ","n.","ˈʤʊri ","bồi thẩm đoàn"
"kit ","n.","kɪt ","bộ dụng cụ"
"ladder ","n.","ˈlædər ","thang"
"landing ","n.","ˈlændɪŋ ","đổ bộ"
"lane ","n.","leɪn ","làn đường"
"lately ","adv.","ˈleɪtli ","gần đây"
"leaflet ","n.","ˈliflət ","tờ rơi"
"legend ","n.","ˈlɛʤənd ","huyền thoại"
"lens ","n.","lɛnz ","ống kính"
"lifetime ","n.","ˈlaɪfˌtaɪm ","cả đời"
"lighting ","n.","ˈlaɪtɪŋ ","thắp sáng"
"likewise ","adv.","ˈlaɪˌkwaɪz ","tương tự như vậy"
"limitation ","n.","ˌlɪmɪˈteɪʃən ","giới hạn"
"literally ","adv.","ˈlɪtərəli ","theo đúng nghĩa đen"
"literary ","adj.","ˈlɪtəˌrɛri ","văn học"
"litre ","n.","litre ","lít"
"litter ","n.","ˈlɪtər ","rác"
"logo ","n.","ˈloʊɡoʊ ","Logo"
"lottery ","n.","ˈlɑtəri ","vé số"
"loyal ","adj.","ˈlɔɪəl ","trung thành"
"lyric ","n.","ˈlɪrɪk ","lời bài hát"
"magnificent ","adj.","mæɡˈnɪfəsənt ","tráng lệ"
"make-up ","n.","meɪk-ʌp ","trang điểm"
"making ","n.","ˈmeɪkɪŋ ","làm"
"manufacture ","v.","ˌmænjəˈfækʧər ","sản xuất"
"manufacturing ","n.","ˌmænjəˈfækʧərɪŋ ","chế tạo"
"marathon ","n.","ˈmɛrəˌθɑn ","maratông"
"margin ","n.","ˈmɑrʤən ","lề"
"marker ","n.","ˈmɑrkər ","đánh dấu"
"martial ","adj.","ˈmɑrʃəl ","võ thuật"
"mate ","n., v.","meɪt ","bạn"
"mayor ","n.","ˈmeɪər ","thị trưởng"
"mechanic ","n.","məˈkænɪk ","thợ cơ khí"
"mechanical ","adj.","məˈkænɪkəl ","cơ khí"
"mechanism ","n.","ˈmɛkəˌnɪzəm ","cơ chế"
"medal ","n.","ˈmɛdəl ","huy chương"
"medication ","n.","ˌmɛdəˈkeɪʃən ","thuốc"
"membership ","n.","ˈmɛmbərˌʃɪp ","tư cách thành viên"
"memorable ","adj.","ˈmɛmərəbəl ","đáng nhớ"
"metaphor ","n.","ˈmɛtəfɔr ","ẩn dụ"
"miner ","n.","ˈmaɪnər ","thợ mỏ"
"miserable ","adj.","ˈmɪzərəbəl ","khổ sở"
"mode ","n.","moʊd ","cách thức"
"modest ","adj.","ˈmɑdəst ","khiêm tốn"
"monster ","n.","ˈmɑnstər ","quái vật"
"monthly ","adj.","ˈmʌnθli ","hàng tháng"
"monument ","n.","ˈmɑnjumənt ","đài kỷ niệm"
"moreover ","adv.","mɔˈroʊvər ","Hơn thế nữa"
"mortgage ","n.","ˈmɔrɡəʤ ","thế chấp"
"mosque ","n.","mɑsk ","nhà thờ Hồi giáo"
"motion ","n.","ˈmoʊʃən ","cử động"
"motivate ","v.","ˈmoʊtəˌveɪt ","động viên"
"motivation ","n.","ˌmoʊtəˈveɪʃən ","động lực"
"moving ","adj.","ˈmuvɪŋ ","di chuyển"
"myth ","n.","mɪθ ","huyền thoại"
"naked ","adj.","ˈneɪkəd ","khỏa thân"
"nasty ","adj.","ˈnæsti ","bẩn thỉu"
"navigation ","n.","ˈnævəˈɡeɪʃən ","dẫn đường"
"nearby ","adj., adv.","ˈnɪrˈbaɪ ","gần đó"
"necessity ","n.","nəˈsɛsəti ","sự cần thiết"
"negotiate ","v.","nəˈɡoʊʃiˌeɪt ","thương lượng"
"negotiation ","n.","nɪˌɡoʊʃiˈeɪʃən ","đàm phán"
"neutral ","adj.","ˈnutrəl ","trung lập"
"newly ","adv.","ˈnuli ","mới"
"norm ","n.","nɔrm ","chuẩn mực"
"notebook ","n.","ˈnoʊtˌbʊk ","sổ tay"
"novelist ","n.","ˈnɑvələst ","tiểu thuyết gia"
"nowadays ","adv.","ˈnaʊəˌdeɪz ","Ngày nay"
"nursing ","adj.","ˈnɜrsɪŋ ","điều dưỡng"
"nutrition ","n.","nuˈtrɪʃən ","dinh dưỡng"
"obesity ","n.","oʊˈbisəti ","béo phì"
"observer ","n.","əbˈzɜrvər ","người quan sát"
"obstacle ","n.","ˈɑbstəkəl ","trở ngại"
"occupation ","n.","ˌɑkjəˈpeɪʃən ","nghề nghiệp"
"occupy ","v.","ˈɑkjəˌpaɪ ","chiếm"
"offender ","n.","əˈfɛndər ","người phạm tội"
"ongoing ","adj.","ˈɑnˌɡoʊɪŋ ","đang diễn ra"
"openly ","adv.","ˈoʊpənli ","công khai"
"opera ","n.","ˈɑprə ","opera"
"operator ","n.","ˈɑpəˌreɪtər ","nhà điều hành"
"optimistic ","adj.","ˌɑptəˈmɪstɪk ","lạc quan"
"orchestra ","n.","ˈɔrkəstrə ","dàn nhạc"
"organic ","adj.","ɔrˈɡænɪk ","hữu cơ"
"outfit ","n.","ˈaʊtˌfɪt ","trang phục"
"output ","n.","ˈaʊtˌpʊt ","đầu ra"
"outstanding ","adj.","ˌaʊtˈstændɪŋ ","nổi bật"
"overcome ","v.","ˈoʊvərˌkʌm ","vượt qua"
"overnight ","adv.","ˈoʊvərˈnaɪt ","qua đêm"
"overseas ","adv., adj.","ˈoʊvərˈsiz ","Hải ngoại"
"ownership ","n.","ˈoʊnərˌʃɪp ","quyền sở hữu"
"oxygen ","n.","ˈɑksəʤən ","ôxy"
"packet ","n.","ˈpækət ","gói"
"palm ","n.","pɑm ","lòng bàn tay"
"panic ","n.","ˈpænɪk ","hoảng loạn"
"parade ","n.","pəˈreɪd ","cuộc diễu hành"
"parallel ","adj., n.","ˈpɛrəˌlɛl ","song song"
"participation ","n.","pɑrˌtɪsəˈpeɪʃən ","sự tham gia"
"partnership ","n.","ˈpɑrtnərˌʃɪp ","quan hệ đối tác"
"part-time ","adj./adv.","ˈpɑrtˈtaɪm ","bán thời gian"
"passionate ","adj.","ˈpæʃənət ","say đắm"
"password ","n.","ˈpæˌswɜrd ","mật khẩu"
"patience ","n.","ˈpeɪʃəns ","tính kiên nhẫn"
"pause ","v., n.","pɔz ","tạm ngừng"
"peer ","n.","pɪr ","ngang nhau"
"penalty ","n.","ˈpɛnəlti ","hình phạt"
"perceive ","v.","pərˈsiv ","nhận thức"
"perception ","n.","pərˈsɛpʃən ","sự nhận thức"
"permanently ","adv.","ˈpɜrmənəntli ","vĩnh viễn"
"pill ","n.","pɪl ","Viên thuốc"
"pity ","n.","ˈpɪti ","lòng thương xót"
"placement ","n.","ˈpleɪsmənt ","vị trí"
"portion ","n.","ˈpɔrʃən ","phần"
"potentially ","adv.","pəˈtɛnʃəli ","có tiềm năng"
"precede ","v.","prɪˈsid ","đứng trước"
"precious ","adj.","ˈprɛʃəs ","quý giá"
"precise ","adj.","prɪˈsaɪs ","chính xác"
"precisely ","adv.","prɪˈsaɪsli ","đúng"
"predictable ","adj.","prɪˈdɪktəbəl ","có thể dự đoán được"
"preference ","n.","ˈprɛfərəns ","sự ưa thích"
"pride ","n.","praɪd ","kiêu hãnh"
"primarily ","adv.","praɪˈmɛrəli ","chủ yếu"
"principal ","adj.","ˈprɪnsəpəl ","hiệu trưởng"
"prior ","adj.","ˈpraɪər ","trước"
"probability ","n.","ˌprɑbəˈbɪləti ","xác suất"
"probable ","adj.","ˈprɑbəbəl ","có thể xảy ra"
"proceed ","v.","prəˈsid ","tiếp tục"
"programming ","n.","ˈproʊˌɡræmɪŋ ","lập trình"
"progressive ","adj.","prəˈɡrɛsɪv ","cấp tiến"
"prohibit ","v.","proʊˈhɪbət ","cấm"
"promising ","adj.","ˈprɑməsɪŋ ","đầy hứa hẹn"
"promotion ","n.","prəˈmoʊʃən ","khuyến mãi"
"prompt ","v.","prɑmpt ","lời nhắc"
"proportion ","n.","prəˈpɔrʃən ","tỷ lệ"
"protein ","n.","ˈproʊˌtin ","chất đạm"
"protester ","n.","ˈproʊˌtɛstər ","người phản đối"
"psychological ","adj.","ˌsaɪkəˈlɑʤɪkəl ","tâm lý"
"publicity ","n.","pəˈblɪsəti ","công khai"
"publishing ","n.","ˈpʌblɪʃɪŋ ","xuất bản"
"punk ","n.","pʌŋk ","đồ chơi khăm"
"purely ","adv.","ˈpjʊrli ","hoàn toàn"
"pursuit ","n.","pərˈsut ","theo đuổi"
"puzzle ","n.","ˈpʌzəl ","câu đố"
"questionnaire ","n.","ˌkwɛsʧəˈnɛr ","bảng câu hỏi"
"racial ","adj.","ˈreɪʃəl ","chủng tộc"
"racism ","n.","ˈreɪˌsɪzəm ","phân biệt chủng tộc"
"racist ","adj., n.","ˈreɪsɪst ","phân biệt chủng tộc"
"radiation ","n.","ˌreɪdiˈeɪʃən ","sự bức xạ"
"rail ","n.","reɪl ","đường sắt"
"random ","adj.","ˈrændəm ","ngẫu nhiên"
"rat ","n.","ræt ","con chuột"
"rating ","n.","ˈreɪtɪŋ ","Xếp hạng"
"reasonably ","adv.","ˈrizənəbli ","hợp lý"
"rebuild ","v.","riˈbɪld ","xây dựng lại"
"receiver ","n.","rəˈsivər ","người nhận"
"recession ","n.","rɪˈsɛʃən ","suy thoái kinh tế"
"reckon ","v.","ˈrɛkən ","tính toán"
"recognition ","n.","ˌrɛkəɡˈnɪʃən ","sự công nhận"
"recovery ","n.","rɪˈkʌvri ","sự hồi phục"
"recruit ","v., n.","rəˈkrut ","tuyển dụng"
"recruitment ","n.","rəˈkrutmənt ","tuyển dụng"
"referee ","n.","ˌrɛfəˈri ","trọng tài"
"refugee ","n.","ˈrɛfjuʤi ","người tị nạn"
"registration ","n.","ˌrɛʤɪˈstreɪʃən ","sự đăng ký"
"regulate ","v.","ˈrɛɡjəˌleɪt ","điều tiết"
"reinforce ","v.","ˌriɪnˈfɔrs ","củng cố"
"relieve ","v.","rɪˈliv ","dịu đi"
"relieved ","adj.","rɪˈlivd ","an tâm"
"remarkable ","adj.","rɪˈmɑrkəbəl ","đáng chú ý"
"remarkably ","adv.","rɪˈmɑrkəbli ","đáng chú ý"
"reporting ","n.","rɪˈpɔrtɪŋ ","Báo cáo"
"resign ","v.","rɪˈzaɪn ","từ chức"
"resolution ","n.","ˌrɛzəˈluʃən ","nghị quyết"
"restore ","v.","rɪˈstɔr ","khôi phục"
"restrict ","v.","riˈstrɪkt ","hạn chế"
"restriction ","n.","riˈstrɪkʃən ","sự hạn chế"
"retail ","n.","ˈriˌteɪl ","bán lẻ"
"retirement ","n.","rɪˈtaɪərmənt ","sự nghỉ hưu"
"revenue ","n.","ˈrɛvəˌnu ","doanh thu"
"revision ","n.","riˈvɪʒən ","ôn tập"
"ridiculous ","adj.","rɪˈdɪkjələs ","lố bịch"
"risky ","adj.","ˈrɪski ","rủi ro"
"rival ","n., adj.","ˈraɪvəl ","đối thủ"
"rob ","v.","rɑb ","cướp"
"robbery ","n.","ˈrɑbəri ","cướp"
"rocket ","n.","ˈrɑkət ","tên lửa"
"romance ","n.","roʊˈmæns ","lãng mạn"
"rose ","n.","roʊz ","hoa hồng"
"roughly ","adv.","ˈrʌfli ","đại khái"
"ruin ","v., n.","ˈruən ","sự đổ nát"
"satisfaction ","n.","ˌsætəˈsfækʃən ","sự hài lòng"
"scandal ","n.","ˈskændəl ","vụ bê bối"
"scare ","v., n.","skɛr ","sự sợ hãi"
"scenario ","n.","sɪˈnɛrioʊ ","kịch bản"
"scholar ","n.","ˈskɑlər ","học giả"
"scholarship ","n.","ˈskɑlərˌʃɪp ","học bổng"
"scratch ","v., n.","skræʧ ","cào"
"screening ","n.","ˈskrinɪŋ ","sàng lọc"
"seeker ","n.","ˈsikər ","người tìm kiếm"
"seminar ","n.","ˈsɛməˌnɑr ","hội thảo"
"settler ","n.","ˈsɛtələr ","người định cư"
"severely ","adv.","səˈvɪrli ","tàn khốc"
"sexy ","adj.","ˈsɛksi ","gợi cảm"
"shaped ","adj.","ʃeɪpt ","có hình dạng"
"shocking ","adj.","ˈʃɑkɪŋ ","gây sốc"
"shore ","n.","ʃɔr ","bờ biển"
"shortage ","n.","ˈʃɔrtəʤ ","thiếu"
"shortly ","adv.","ˈʃɔrtli ","trong thời gian ngắn"
"short-term ","adj.","ʃɔrt-tɜrm ","thời gian ngắn"
"sibling ","n.","ˈsɪblɪŋ ","anh em ruột"
"signature ","n.","ˈsɪɡnəʧər ","chữ ký"
"significance ","n.","səɡˈnɪfɪkəns ","ý nghĩa"
"skilled ","adj.","skɪld ","có tay nghề cao"
"skull ","n.","skʌl ","đầu lâu"
"slogan ","n.","ˈsloʊɡən ","khẩu hiệu"
"so-called ","adj.","ˈsoʊˈkɔld ","cái gọi là"
"somehow ","adv.","ˈsʌmˌhaʊ ","bằng cách nào đó"
"sometime ","adv.","ˈsʌmˌtaɪm ","thỉnh thoảng"
"sophisticated ","adj.","səˈfɪstəˌkeɪtɪd ","cầu kì"
"spare ","adj.","spɛr ","dự phòng"
"specialize ","v.","ˈspɛʃəˌlaɪz ","chuyên môn hóa"
"specify ","v.","ˈspɛsəˌfaɪ ","chỉ định"
"spectacular ","adj.","spɛkˈtækjələr ","hùng vĩ"
"spectator ","n.","ˈspɛkteɪtər ","khán giả"
"speculate ","v.","ˈspɛkjəˌleɪt ","suy đoán"
"speculation ","n.","ˌspɛkjəˈleɪʃən ","suy đoán"
"spice ","n.","spaɪs ","gia vị"
"spill ","v.","spɪl ","tràn"
"spite ","n.","spaɪt ","bất chấp"
"spoil ","v.","spɔɪl ","chiều hư"
"spokesman ","n.","ˈspoʊksmən ","người phát ngôn"
"spokesperson ","n.","ˈspoʊkspərsən ","người phát ngôn"
"spokeswoman ","n.","ˈspoʊkˌswʊmən ","người phát ngôn"
"sponsorship ","n.","ˈspɑnsərˌʃɪp ","sự tài trợ"
"sporting ","adj.","ˈspɔrtɪŋ ","thể thao"
"stall ","n.","stɔl ","quầy hàng"
"stance ","n.","stæns ","lập trường"
"starve ","v.","stɑrv ","chết đói"
"steadily ","adv.","ˈstɛdəli ","đều đặn"
"steam ","n.","stim ","hơi nước"
"stimulate ","v.","ˈstɪmjəˌleɪt ","kích thích"
"strengthen ","v.","ˈstrɛŋθən ","tăng cường"
"strictly ","adv.","ˈstrɪktli ","nghiêm ngặt"
"stroke ","n.","stroʊk ","đột quỵ"
"stunning ","adj.","ˈstʌnɪŋ ","kinh ngạc"
"subsequent ","adj.","ˈsʌbsəkwənt ","tiếp theo"
"subsequently ","adv.","ˈsʌbsəkwəntli ","sau đó"
"suburb ","n.","ˈsʌbərb ","ngoại ô"
"suffering ","n.","ˈsʌfərɪŋ ","đau khổ"
"sufficient ","adj.","səˈfɪʃənt ","hợp lý"
"sufficiently ","adv.","səˈfɪʃəntli ","đủ"
"super ","adj.","ˈsupər ","siêu"
"surgeon ","n.","ˈsɜrʤən ","bác sĩ phẫu thuật"
"survival ","n.","sərˈvaɪvəl ","sống sót"
"survivor ","n.","sərˈvaɪvər ","người sống sót"
"suspend ","v.","səˈspɛnd ","đình chỉ"
"sustainable ","adj.","səˈsteɪnəbəl ","bền vững"
"swallow ","v.","ˈswɑloʊ ","nuốt"
"sympathetic ","adj.","ˌsɪmpəˈθɛtɪk ","thông cảm"
"tackle ","v.","ˈtækəl ","giải quyết"
"tag ","n., v.","tæɡ ","nhãn"
"tap ","v., n.","tæp ","vỗ nhẹ"
"technological ","adj.","ˌtɛknəˈlɑʤɪkəl ","công nghệ"
"teens ","n.","tinz ","thanh thiếu niên"
"temple ","n.","ˈtɛmpəl ","ngôi đền"
"temporarily ","adv.","ˌtɛmpəˈrɛrəli ","một cách tạm thời"
"tendency ","n.","ˈtɛndənsi ","xu hướng"
"tension ","n.","ˈtɛnʃən ","căng thẳng"
"terminal ","n.","ˈtɜrmənəl ","phần cuối"
"terms ","n.","tɜrmz ","điều kiện"
"terribly ","adv.","ˈtɛrəbli ","khủng khiếp"
"terrify ","v.","ˈtɛrəˌfaɪ ","làm kinh hoàng"
"territory ","n.","ˈtɛrɪˌtɔri ","lãnh thổ"
"terror ","n.","ˈtɛrər ","khủng bố"
"terrorism ","n.","ˈtɛrəˌrɪzəm ","khủng bố"
"terrorist ","n.","ˈtɛrərɪst ","khủng bố"
"testing ","n.","ˈtɛstɪŋ ","thử nghiệm"
"textbook ","n.","ˈtɛkstˌbʊk ","sách giáo khoa"
"theft ","n.","θɛft ","trộm cắp"
"therapist ","n.","ˈθɛrəpəst ","nhà trị liệu"
"thesis ","n.","ˈθisəs ","luận án"
"thorough ","adj.","ˈθɜroʊ ","kỹ lưỡng"
"thoroughly ","adv.","ˈθɜroʊli ","triệt để"
"thumb ","n.","θʌm ","ngón tay cái"
"timing ","n.","ˈtaɪmɪŋ ","thời gian"
"tissue ","n.","ˈtɪsˌju ","mô"
"ton ","n.","tʌn ","tấn"
"tonne ","n.","tʌn ","tấn"
"tournament ","n.","ˈtʊrnəmənt ","giải đấu"
"trace ","v.","treɪs ","dấu vết"
"trading ","n.","ˈtreɪdɪŋ ","thương mại"
"tragedy ","n.","ˈtræʤədi ","bi kịch"
"tragic ","adj.","ˈtræʤɪk ","bi kịch"
"trait ","n.","treɪt ","đặc điểm"
"transmit ","v.","trænzˈmɪt ","chuyển giao"
"transportation ","n.","ˌtrænspərˈteɪʃən ","vận tải"
"trap ","v., n.","træp ","cạm bẫy"
"treasure ","n.","ˈtrɛʒər ","kho báu"
"tribe ","n.","traɪb ","bộ lạc"
"trigger ","v.","ˈtrɪɡər ","cò súng"
"trillion ","number","ˈtrɪljən ","nghìn tỷ"
"troop ","n.","trup ","quân đội"
"tsunami ","n.","tsuˈnɑmi ","sóng thần"
"ultimate ","adj.","ˈʌltəmət ","tối thượng"
"unacceptable ","adj.","ˌʌnækˈsɛptəbəl ","không thể chấp nhận được"
"uncertainty ","n.","ənˈsɜrtənti ","tính không chắc chắn"
"undergo ","v.","ˌʌndərˈɡoʊ ","trải qua"
"undertake ","v.","ˈʌndərˌteɪk ","đảm nhận"
"unfold ","v.","ənˈfoʊld ","mở ra"
"unfortunate ","adj.","ənˈfɔrʧənət ","thật không may"
"unite ","v.","juˈnaɪt ","đoàn kết"
"unity ","n.","ˈjunəti ","đoàn kết"
"universal ","adj.","ˌjunəˈvɜrsəl ","phổ quát"
"urgent ","adj.","ˈɜrʤənt ","cấp bách"
"usage ","n.","ˈjusəʤ ","cách sử dụng"
"useless ","adj.","ˈjusləs ","vô ích"
"valid ","adj.","ˈvæləd ","có hiệu lực"
"variation ","n.","ˌvɛriˈeɪʃən ","biến thể"
"vertical ","adj.","ˈvɜrtɪkəl ","thẳng đứng"
"viewpoint ","n.","ˈvjuˌpɔɪnt ","quan điểm"
"visa ","n.","ˈvizə ","hộ chiếu"
"visible ","adj.","ˈvɪzəbəl ","dễ thấy"
"voluntary ","adj.","ˈvɑləntɛri ","tình nguyện"
"voting ","n.","ˈvoʊtɪŋ ","bỏ phiếu"
"wander ","v.","ˈwɑndər ","đi lang thang"
"warming ","n.","ˈwɔrmɪŋ ","sự nóng lên"
"weekly ","adj.","ˈwikli ","hàng tuần"
"weird ","adj.","wɪrd ","kỳ quặc"
"welfare ","n.","ˈwɛlˌfɛr ","phúc lợi"
"wheat ","n.","wit ","lúa mì"
"whoever ","pron.","huˈɛvər ","bất cứ ai"
"widespread ","adj.","ˈwaɪdˈsprɛd ","phổ biến rộng rãi"
"wisdom ","n.","ˈwɪzdəm ","khôn ngoan"
"withdraw ","v.","wɪðˈdrɔ ","rút"
"workforce ","n.","ˈwɜrkˌfɔrs ","lực lượng lao động"
"workplace ","n.","ˈwɜrkˌpleɪs ","nơi làm việc"
"workshop ","n.","ˈwɜrkˌʃɑp ","xưởng"
"worm ","n.","wɜrm ","sâu"
"wrist ","n.","rɪst ","cổ tay"
