"abolish ","v","əˈbɑlɪʃ ","bỏ"
"abortion ","n","əˈbɔrʃən ","sự phá thai"
"absence ","n","ˈæbsəns ","vắng mặt"
"absent ","adj","ˈæbsənt ","vắng mặt"
"absurd ","adj","əbˈsɜrd ","vô lý"
"abundance ","n","əˈbʌndəns ","sự phong phú"
"abuse ","n, v","əˈbjus ","lạm dụng"
"academy ","n","əˈkædəmi ","học viện"
"accelerate ","v","ækˈsɛləˌreɪt ","Thúc giục"
"acceptance ","n","ækˈsɛptəns ","chấp thuận"
"accessible ","adj","ækˈsɛsəbəl ","có thể truy cập"
"accomplishment ","n","əˈkɑmplɪʃmənt ","thành tựu"
"accordance ","n","əˈkɔrdəns ","Tùy theo"
"accordingly ","adv","əˈkɔrdɪŋli ","theo đó"
"accountability ","n","əˈkaʊntəbɪlɪti ","trách nhiệm giải trình"
"accountable ","adj","əˈkaʊntəbəl ","có trách nhiệm"
"accumulate ","v","əˈkjumjəˌleɪt ","tích trữ"
"accumulation ","n","əˌkjumjəˈleɪʃən ","tích lũy"
"accusation ","n","ˌækjəˈzeɪʃən ","buộc tội"
"accused ","n","əˈkjuzd ","bị buộc tội"
"acid ","adj","ˈæsəd ","axit"
"acquisition ","n","ˌækwəˈzɪʃən ","sự mua lại"
"acre ","n","ˈeɪkər ","mẫu Anh"
"activation ","n","ˌæktəˈveɪʃən ","kích hoạt"
"activist ","n","ˈæktəvəst ","nhà hoạt động"
"acute ","adj","əˈkjut ","nhọn"
"adaptation ","n","ˌædəpˈteɪʃən ","thích ứng"
"adhere ","v","ədˈhɪr ","tuân thủ"
"adjacent ","adj","əˈʤeɪsənt ","liền kề"
"adjustment ","n","əˈʤʌstmənt ","điều chỉnh"
"administer ","v","ədˈmɪnəstər ","Quản lý"
"administrative ","adj","ədˈmɪnəˌstreɪtɪv ","hành chính"
"administrator ","n","ədˈmɪnəˌstreɪtər ","người quản lý"
"admission ","n","ædˈmɪʃən ","nhận vào"
"adolescent ","n","ˌædəˈlɛsənt ","thanh niên"
"adoption ","n","əˈdɑpʃən ","nhận con nuôi"
"adverse ","adj","ædˈvɜrs ","bất lợi"
"advocate ","n, v","ˈædvəkət ","biện hộ"
"aesthetic ","adj","ɛˈsθɛtɪk ","thẩm mỹ"
"affection ","n","əˈfɛkʃən ","sự yêu mến"
"aftermath ","n","ˈæftərˌmæθ ","hậu quả"
"aggression ","n","əˈɡrɛʃən ","Hiếu chiến"
"agricultural ","adj","ˌæɡrəˈkʌlʧərəl ","nông nghiệp"
"aide ","n","eɪd ","phụ tá"
"albeit ","conj","ɔlˈbiɪt ","mặc dù"
"alert ","v, n, adj","əˈlɜrt ","báo động"
"alien ","adj","ˈeɪliən ","người ngoài hành tinh"
"align ","v","əˈlaɪn ","căn chỉnh"
"alignment ","n","əˈlaɪnmənt ","liên kết"
"alike ","adv, adj","əˈlaɪk ","như nhau"
"allegation ","n","ˌæləˈɡeɪʃən ","cáo buộc"
"allege ","v","əˈlɛʤ ","cáo buộc"
"allegedly ","adv","əˈlɛʤədli ","bị cáo buộc"
"alliance ","n","əˈlaɪəns ","Liên minh"
"allocate ","v","ˈæləˌkeɪt ","chỉ định"
"allocation ","n","ˌæləˈkeɪʃən ","phân bổ"
"allowance ","n","əˈlaʊəns ","phụ cấp"
"ally ","n","ˈælaɪ ","đồng minh"
"aluminium ","n","əˈlumɪnəm ","nhôm"
"amateur ","adj, n","ˈæməˌtɜr ","nghiệp dư"
"ambassador ","n","æmˈbæsədər ","Đại sứ"
"amend ","v","əˈmɛnd ","sửa đổi"
"amendment ","n","əˈmɛndmənt ","sửa đổi"
"amid ","prep","əˈmɪd ","Giữa"
"analogy ","n","əˈnæləʤi ","sự giống nhau"
"anchor ","n","ˈæŋkər ","mỏ neo"
"angel ","n","ˈeɪnʤəl ","thiên thần"
"anonymous ","adj","əˈnɑnəməs ","vô danh"
"apparatus ","n","ˌæpəˈrætəs ","bộ máy"
"appealing ","adj","əˈpilɪŋ ","hấp dẫn"
"appetite ","n","ˈæpəˌtaɪt ","sự thèm ăn"
"applaud ","v","əˈplɔd ","hoan nghênh"
"applicable ","adj","ˈæpləkəbəl ","áp dụng"
"appoint ","v","əˈpɔɪnt ","bổ nhiệm"
"appreciation ","n","əˌpriʃiˈeɪʃən ","sự đánh giá"
"arbitrary ","adj","ˈɑrbəˌtrɛri ","Bất kỳ"
"architectural ","adj","ˌɑrkəˈtɛkʧərəl ","kiến trúc"
"archive ","n","ˈɑrˌkaɪv ","lưu trữ"
"arena ","n","əˈrinə ","Đấu trường"
"arguably ","adv","ˈɑrɡjuəbli ","được cho là"
"arm ","v","ɑrm ","cánh tay"
"array ","n","əˈreɪ ","mảng"
"articulate ","v","ɑrˈtɪkjələt ","khớp nối"
"ash ","n","æʃ ","tro"
"aspiration ","n","ˌæspəˈreɪʃən ","Khát vọng"
"aspire ","v","əˈspaɪr ","khao khát"
"assassination ","n","əˌsæsəˈneɪʃən ","Sự am sát"
"assault ","n, v","əˈsɔlt ","tấn công"
"assemble ","v","əˈsɛmbəl ","tập hợp"
"assembly ","n","əˈsɛmbli ","cuộc họp"
"assert ","v","əˈsɜrt ","khẳng định"
"assertion ","n","əˈsɜrʃən ","quả quyết"
"assurance ","n","əˈʃʊrəns ","sự đảm bảo"
"asylum ","n","əˈsaɪləm ","tị nạn"
"atrocity ","n","əˈtrɑsəti ","Tội ác"
"attain ","v","əˈteɪn ","đạt được"
"attendance ","n","əˈtɛndəns ","sự tham dự"
"attorney ","n","əˈtɜrni ","Luật sư"
"attribute ","v, n","ˈætrəˌbjut ","thuộc tính"
"audit ","n","ˈɔdɪt ","kiểm toán"
"authentic ","adj","əˈθɛntɪk ","thật"
"authorize ","v","ˈɔθəˌraɪz ","ủy quyền"
"auto ","n","ˈɔtoʊ ","tự động"
"autonomy ","n","ɔˈtɑnəmi ","quyền tự trị"
"availability ","n","əˌveɪləˈbɪləti ","khả dụng"
"await ","v","əˈweɪt ","chờ đợi"
"backdrop ","n","ˈbækˌdrɑp ","phông nền"
"backing ","n","ˈbækɪŋ ","hậu thuẫn"
"backup ","n","ˈbæˌkʌp ","hỗ trợ"
"bail ","n","beɪl ","bảo lãnh"
"ballot ","n","ˈbælət ","phiếu"
"banner ","n","ˈbænər ","ngọn cờ"
"bare ","adj","bɛr ","trần"
"barrel ","n","ˈbærəl ","thùng"
"bass1 ","n","beɪs1","Bass1"
"bat ","v","bæt ","con dơi"
"battlefield ","n","ˈbætəlˌfild ","chiến trường"
"bay ","n","beɪ ","vịnh"
"beam ","n","bim ","chùm tia"
"beast ","n","bist ","quái thú"
"behalf ","n","bɪˈhæf ","thay mặt"
"beloved ","adj","bɪˈlʌvd ","Người yêu dấu"
"bench ","n","bɛnʧ ","Băng ghế"
"benchmark ","n","ˈbɛnʧˌmɑrk ","điểm chuẩn"
"beneath ","prep","bɪˈniθ ","bên dưới"
"beneficiary ","n","ˌbɛnəˈfɪʃiˌɛri ","người thụ hưởng"
"betray ","v","bɪˈtreɪ ","phản bội"
"bind ","v","baɪnd ","trói buộc"
"biography ","n","baɪˈɑɡrəfi ","tiểu sử"
"bishop ","n","ˈbɪʃəp ","Giám mục"
"bizarre ","adj","bəˈzɑr ","kỳ quái"
"blade ","n","bleɪd ","lưỡi"
"blast ","n, v","blæst ","Vụ nổ"
"bleed ","v","blid ","chảy máu"
"blend ","v, n","blɛnd ","trộn"
"bless ","v","blɛs ","ban phước"
"blessing ","n","ˈblɛsɪŋ ","Chúc phúc"
"boast ","v","boʊst ","khoe khoang"
"bonus ","n","ˈboʊnəs ","thưởng"
"boom ","n","bum ","bùng nổ"
"bounce ","v","baʊns ","nảy"
"boundary ","n","ˈbaʊndəri ","ranh giới"
"bow1 ","v, n","baʊ1","Bow1"
"breach ","n, v","briʧ ","sự vi phạm"
"breakdown ","n","ˈbreɪkˌdaʊn ","phá vỡ"
"breakthrough ","n","ˈbreɪkˌθru ","đột phá"
"breed ","v, n","brid ","giống"
"broadband ","n","ˈbrɔdˌbænd ","băng thông rộng"
"browser ","n","ˈbraʊzər ","trình duyệt"
"brutal ","adj","ˈbrutəl ","tàn bạo"
"buck ","n","bʌk ","Cái xô"
"buddy ","n","ˈbʌdi ","bạn bè"
"buffer ","n","ˈbʌfər ","đệm"
"bulk ","n","bʌlk ","số lượng lớn"
"burden ","n","ˈbɜrdən ","gánh nặng"
"bureaucracy ","n","bjʊˈrɑkrəsi ","quan liêu"
"burial ","n","ˈbɛriəl ","Mai táng"
"burst ","v","bɜrst ","nổ"
"cabinet ","n","ˈkæbənət ","tủ"
"calculation ","n","ˌkælkjəˈleɪʃən ","phép tính"
"canvas ","n","ˈkænvəs ","Tranh sơn dầu"
"capability ","n","ˌkeɪpəˈbɪləti ","khả năng"
"capitalism ","n","ˈkæpɪtəˌlɪzəm ","Chủ nghĩa tư bản"
"capitalist ","adj","ˈkæpətəlɪst ","Nhà tư bản"
"cargo ","n","ˈkɑrˌɡoʊ ","hàng hóa"
"carriage ","n","ˈkærɪʤ ","xe"
"carve ","v","kɑrv ","khắc chạm"
"casino ","n","kəˈsinoʊ ","sòng bạc"
"casualty ","n","ˈkæʒəwəlti ","tai nạn"
"catalogue ","n","ˈkætəˌlɔɡ ","mục lục"
"cater ","v","ˈkeɪtər ","Phục vụ"
"cattle ","n","ˈkætəl ","gia súc"
"caution ","n","ˈkɑʃən ","Thận trọng"
"cautious ","adj","ˈkɔʃəs ","dè dặt"
"cease ","v","sis ","ngưng"
"cemetery ","n","ˈsɛməˌtɛri ","Nghĩa trang"
"chamber ","n","ˈʧeɪmbər ","buồng"
"chaos ","n","ˈkeɪɑs ","sự hỗn loạn"
"characterize ","v","ˈkɛrəktəˌraɪz ","đặc trưng"
"charm ","n","ʧɑrm ","quyến rũ"
"charter ","n","ˈʧɑrtər ","Điều lệ"
"chronic ","adj","ˈkrɑnɪk ","mãn tính"
"chunk ","n","ʧʌŋk ","Chunk"
"circulate ","v","ˈsɜrkjəˌleɪt ","lưu hành"
"circulation ","n","ˈsɜrkjəˌleɪʃən ","vòng tuần hoàn"
"citizenship ","n","ˈsɪtɪzənˌʃɪp ","quyền công dân"
"civic ","adj","ˈsɪvɪk ","công dân"
"civilian ","n, adj","səˈvɪljən ","thường dân"
"clarity ","n","ˈklɛrəti ","trong trẻo"
"clash ","n","klæʃ ","sự xung đột"
"classification ","n","ˌklæsəfəˈkeɪʃən ","phân loại"
"cling ","v","klɪŋ ","bám"
"clinical ","adj","ˈklɪnəkəl ","lâm sàng"
"closure ","n","ˈkloʊʒər ","Khép kín"
"cluster ","n","ˈklʌstər ","cụm"
"coalition ","n","ˌkoʊəˈlɪʃən ","Liên minh"
"coastal ","adj","ˈkoʊstəl ","duyên hải"
"cocktail ","n","ˈkɑkˌteɪl ","cocktail"
"cognitive ","adj","ˈkɑɡnɪtɪv ","nhận thức"
"coincide ","v","ˌkoʊɪnˈsaɪd ","trùng khớp"
"collaborate ","v","kəˈlæbəˌreɪt ","hợp tác"
"collaboration ","n","kəˌlæbəˈreɪʃən ","sự hợp tác"
"collective ","adj","kəˈlɛktɪv ","tập thể"
"collision ","n","kəˈlɪʒən ","va chạm"
"colonial ","adj","kəˈloʊniəl ","thuộc địa"
"columnist ","n","ˈkɑləmnəst ","chuyên mục"
"combat ","n, v","ˈkɑmbæt ","chiến đấu"
"commence ","v","kəˈmɛns ","bắt đầu"
"commentary ","n","ˈkɑmənˌtɛri ","Bình luận"
"commentator ","n","ˈkɑmənˌteɪtər ","bình luận viên"
"commerce ","n","ˈkɑmərs ","thương mại"
"commissioner ","n","kəˈmɪʃənər ","Ủy viên"
"commodity ","n","kəˈmɑdəti ","hàng hóa"
"communist ","adj","ˈkɑmjənəst ","Cộng sản"
"companion ","n","kəmˈpænjən ","bạn đồng hành"
"comparable ","adj","ˈkɑmpərəbəl ","có thể so sánh"
"compassion ","n","kəmˈpæʃən ","lòng trắc ẩn"
"compel ","v","kəmˈpɛl ","bắt buộc"
"compelling ","adj","kəmˈpɛlɪŋ ","thuyết phục"
"compensate ","v","ˈkɑmpənˌseɪt ","đền bù"
"compensation ","n","ˌkɑmpənˈseɪʃən ","đền bù"
"competence ","n","ˈkɑmpətɪns ","năng lực"
"competent ","adj","ˈkɑmpətɪnt ","có thẩm quyền"
"compile ","v","kəmˈpaɪl ","biên dịch"
"complement ","v","ˈkɑmpləmənt ","bổ sung"
"complexity ","n","kəmˈplɛksəti ","sự phức tạp"
"compliance ","n","kəmˈplaɪəns ","Tuân thủ"
"complication ","n","ˌkɑmpləˈkeɪʃən ","sự phức tạp"
"comply ","v","kəmˈplaɪ ","tuân theo"
"composition ","n","ˌkɑmpəˈzɪʃən ","thành phần"
"compromise ","n, v","ˈkɑmprəˌmaɪz ","thỏa hiệp"
"compute ","v","kəmˈpjut ","tính toán"
"conceal ","v","kənˈsil ","che giấu"
"concede ","v","kənˈsid ","công nhận"
"conceive ","v","kənˈsiv ","tưởng tượng"
"conception ","n","kənˈsɛpʃən ","quan niệm"
"concession ","n","kənˈsɛʃən ","nhượng bộ"
"condemn ","v","kənˈdɛm ","lên án"
"confer ","v","kənˈfɜr ","trao"
"confession ","n","kənˈfɛʃən ","lời thú tội"
"configuration ","n","kənˌfɪɡjəˈreɪʃən ","cấu hình"
"confine ","v","kənˈfaɪn ","giới hạn"
"confirmation ","n","ˌkɑnfərˈmeɪʃən ","xác nhận"
"confront ","v","kənˈfrʌnt ","Đối mặt"
"confrontation ","n","ˌkɑnfrənˈteɪʃən ","đối đầu"
"congratulate ","v","kənˈɡræʧəˌleɪt ","Chúc mừng"
"congregation ","n","ˌkɑŋɡrəˈɡeɪʃən ","hội chúng"
"congressional ","adj","kənˈɡrɛʃənəl ","quốc hội"
"conquer ","v","ˈkɑŋkər ","chinh phục"
"conscience ","n","ˈkɑnʃəns ","lương tâm"
"consciousness ","n","ˈkɑnʃəsnəs ","ý thức"
"consecutive ","adj","kənˈsɛkjətɪv ","Liên tiếp"
"consensus ","n","kənˈsɛnsəs ","đoàn kết"
"consent ","n, v","kənˈsɛnt ","bằng lòng"
"conserve ","v","kənˈsɜrv ","bảo tồn"
"consistency ","n","kənˈsɪstənsi ","Tính nhất quán"
"consolidate ","v","kənˈsɑlɪˌdeɪt ","củng cố"
"constituency ","n","kənˈstɪʧuənsi ","khu vực bầu cử"
"constitute ","v","ˈkɑnstəˌtut ","cấu tạo"
"constitution ","n","ˌkɑnstəˈtuʃən ","cấu tạo"
"constitutional ","adj","ˌkɑnstəˈtuʃənəl ","Hiến pháp"
"constraint ","n","kənˈstreɪnt ","hạn chế"
"consultation ","n","ˌkɑnsəlˈteɪʃən ","Tư vấn"
"contemplate ","v","ˈkɑntəmˌpleɪt ","thưởng ngoạn"
"contempt ","n","kənˈtɛmpt ","khinh miệt"
"contend ","v","kənˈtɛnd ","tranh cãi"
"contender ","n","kənˈtɛndər ","ứng cử viên"
"content2 ","adj","ˈkɑntɛnt2","Content2"
"contention ","n","kənˈtɛnʃən ","sự tranh cãi"
"continually ","adv","kənˈtɪnjuəli ","liên tục"
"contractor ","n","ˈkɑnˌtræktər ","Nhà thầu"
"contradiction ","n","ˌkɑntrəˈdɪkʃən ","mâu thuẫn"
"contrary ","adj, n","ˈkɑntrɛri ","ngược lại"
"contributor ","n","kənˈtrɪbjətər ","người đóng góp"
"conversion ","n","kənˈvɜrʒən ","chuyển đổi"
"convict ","v","ˈkɑnvɪkt ","kết án"
"conviction ","n","kənˈvɪkʃən ","lòng tin chắc, sự kết án, phán quyết"
"cooperate ","v","koʊˈɑpəˌreɪt ","hợp tác"
"cooperative ","adj","koʊˈɑpəˌreɪtɪv ","hợp tác"
"coordinate ","v","koʊˈɔrdənət ","điều phối"
"coordination ","n","koʊˌɔrdəˈneɪʃən ","sự phối hợp"
"coordinator ","n","koʊˈɔrdəˌneɪtər ","Điều phối viên"
"cop ","n","kɑp ","cảnh sát"
"copper ","n","ˈkɑpər ","đồng"
"copyright ","n","ˈkɑpiˌraɪt ","Bản quyền"
"correction ","n","kəˈrɛkʃən ","điều chỉnh"
"correlate ","v","ˈkɔrəˌleɪt ","tương quan"
"correlation ","n","ˌkɔrəˈleɪʃən ","Tương quan"
"correspond ","v","ˌkɔrəˈspɑnd ","trao đổi thư tín"
"correspondence ","n","ˌkɔrəˈspɑndəns ","thư tín"
"correspondent ","n","ˌkɔrəˈspɑndənt ","Phóng viên"
"corresponding ","adj","ˌkɔrəˈspɑndɪŋ ","tương ứng"
"corrupt ","adj","kəˈrʌpt ","tham nhũng"
"corruption ","n","kəˈrʌpʃən ","tham nhũng"
"costly ","adj","ˈkɑstli ","tốn kém"
"councillor ","n","ˈkaʊnsələr ","Ủy viên hội đồng"
"counselling ","n","ˈkaʊnsəlɪŋ ","Tư vấn"
"counsellor ","n","ˈkaʊnsələr ","cố vấn"
"counter ","(argue against) v","ˈkaʊntər ","quầy tính tiền"
"counterpart ","n","ˈkaʊntərˌpɑrt ","đối tác"
"countless ","adj","ˈkaʊntləs ","vô số"
"coup ","n","ku ","đảo chính"
"courtesy ","n","ˈkɜrtəsi ","lịch sự"
"craft ","v","kræft ","Thủ công"
"crawl ","v","krɔl ","bò"
"creator ","n","kriˈeɪtər ","người sáng tạo"
"credibility ","n","ˌkrɛdəˈbɪlɪti ","sự uy tín"
"credible ","adj","ˈkrɛdəbəl ","đáng tin cậy"
"creep ","v","krip ","leo"
"critique ","n","krəˈtik ","phê bình"
"crown ","n","kraʊn ","vương miện"
"crude ","adj","krud ","thô thiển"
"crush ","v","krʌʃ ","người mình thích"
"crystal ","n","ˈkrɪstəl ","pha lê"
"cult ","n, adj","kʌlt ","sùng bái"
"cultivate ","v","ˈkʌltəˌveɪt ","cày cấy"
"curiosity ","n","ˌkjʊriˈɑsəti ","sự tò mò"
"custody ","n","ˈkʌstədi ","sự coi giư"
"cutting ","n","ˈkʌtɪŋ ","cắt"
"cynical ","adj","ˈsɪnɪkəl ","Hoài nghi"
"dam ","n","dæm ","đập"
"damaging ","adj","ˈdæmɪʤɪŋ ","gây tổn hại"
"dawn ","n","dɔn ","bình minh"
"debris ","n","dəˈbri ","mảnh vụn"
"debut ","n","deɪˈbju ","ra mắt"
"decision-making ","n","dɪˈsɪʒən-ˈmeɪkɪŋ ","quyết định"
"decisive ","adj","dɪˈsaɪsɪv ","quyết định"
"declaration ","n","ˌdɛkləˈreɪʃən ","tuyên ngôn"
"dedicated ","adj","ˈdɛdəkeɪtəd ","tận tụy"
"dedication ","n","ˌdɛdəˈkeɪʃən ","sự cống hiến"
"deed ","n","did ","hành động"
"deem ","v","dim ","được coi là"
"default ","n","dɪˈfɔlt ","mặc định"
"defect ","n","ˈdifɛkt ","khuyết điểm"
"defensive ","adj","dɪˈfɛnsɪv ","phòng ngự"
"deficiency ","n","dɪˈfɪʃənsi ","sự thiếu hụt"
"deficit ","n","ˈdɛfəsət ","thiếu hụt hoặc khuyết"
"defy ","v","dɪˈfaɪ ","thách thức"
"delegate ","n","ˈdɛləɡət ","đại biểu"
"delegation ","n","ˌdɛləˈɡeɪʃən ","phái đoàn"
"delicate ","adj","ˈdɛləkət ","thanh tú"
"demon ","n","ˈdimən ","quỷ"
"denial ","n","dɪˈnaɪəl ","từ chối"
"denounce ","v","dɪˈnaʊns ","tố cáo"
"dense ","adj","dɛns ","ngu độn"
"density ","n","ˈdɛnsəti ","Tỉ trọng"
"dependence ","n","dɪˈpɛndəns ","sự phụ thuộc"
"depict ","v","dɪˈpɪkt ","miêu tả"
"deploy ","v","dɪˈplɔɪ ","triển khai"
"deployment ","n","dɪˈplɔɪmənt ","triển khai"
"deposit ","v","dəˈpɑzɪt ","tiền gửi"
"deprive ","v","dɪˈpraɪv ","tước đoạt"
"deputy ","n","ˈdɛpjəti ","Phó"
"descend ","v","dɪˈsɛnd ","xuống"
"descent ","n","dɪˈsɛnt ","hạ xuống"
"designate ","v","ˈdɛzɪɡnɪt ","chỉ định"
"desirable ","adj","dɪˈzaɪrəbəl ","mong muốn"
"desktop ","n","ˈdɛskˌtɑp ","Máy tính để bàn"
"destructive ","adj","dɪˈstrʌktɪv ","phá hoại"
"detain ","v","dɪˈteɪn ","giam"
"detection ","n","dɪˈtɛkʃən ","phát hiện"
"detention ","n","dɪˈtɛnʃən ","giam giữ"
"deteriorate ","v","dɪˈtɪriəˌreɪt ","xấu đi"
"devastate ","v","ˈdɛvəˌsteɪt ","tàn phá"
"devil ","n","ˈdɛvəl ","ác quỷ"
"devise ","v","dɪˈvaɪz ","nghĩ ra"
"diagnose ","v","ˌdaɪəɡˈnoʊs ","chẩn đoán"
"diagnosis ","n","ˌdaɪəɡˈnoʊsəs ","chẩn đoán"
"dictate ","v","ˈdɪkˌteɪt ","ra lệnh"
"dictator ","n","dɪkˈteɪtər ","độc tài"
"differentiate ","v","ˌdɪfəˈrɛnʃiˌeɪt ","phân biệt"
"dignity ","n","ˈdɪɡnəti ","phẩm giá"
"dilemma ","n","dɪˈlɛmə ","tình trạng khó xử"
"dimension ","n","dɪˈmɛnʃən ","kích thước"
"diminish ","v","dɪˈmɪnɪʃ ","giảm bớt"
"dip ","v","dɪp ","nhúng"
"diplomat ","n","ˈdɪpləˌmæt ","nhà ngoại giao"
"diplomatic ","n","ˌdɪpləˈmætɪk ","ngoại giao"
"directory ","n","dəˈrɛktəri ","danh mục"
"disastrous ","adj","dɪˈzæstrəs ","thảm họa"
"discard ","v","dɪˈskɑrd ","loại bỏ"
"discharge ","v","dɪsˈʧɑrʤ ","phóng điện"
"disclose ","v","dɪˈskloʊz ","tiết lộ"
"disclosure ","n","dɪˈskloʊʒər ","tiết lộ"
"discourse ","n","ˈdɪskɔrs ","đàm luận"
"discretion ","n","dɪˈskrɛʃən ","thận trọng"
"discrimination ","n","dɪˌskrɪməˈneɪʃən ","phân biệt"
"dismissal ","n","dɪˈsmɪsəl ","sa thải"
"displace ","v","dɪˈspleɪs ","Thay thế"
"disposal ","n","dɪˈspoʊzəl ","xử lý"
"dispose ","v","dɪˈspoʊz ","vứt bỏ"
"dispute ","n, v","dɪˈspjut ","tranh luận"
"disrupt ","v","dɪsˈrʌpt ","phá vỡ"
"disruption ","n","dɪsˈrʌpʃən ","gián đoạn"
"dissolve ","v","dɪˈzɑlv ","hòa tan"
"distinction ","n","dɪˈstɪŋkʃən ","sự khác biệt"
"distinctive ","adj","dɪˈstɪŋktɪv ","đặc biệt"
"distort ","v","dɪˈstɔrt ","xuyên tạc"
"distress ","n, v","dɪˈstrɛs ","phiền muộn"
"disturbing ","adj","dɪˈstɜrbɪŋ ","phiền"
"divert ","v","daɪˈvɜrt ","chuyển hướng"
"divine ","adj","dɪˈvaɪn ","thần thánh"
"doctrine ","n","ˈdɑktrən ","giáo lý"
"documentation ","n","ˌdɑkjəmɛnˈteɪʃən ","tài liệu"
"domain ","n","doʊˈmeɪn ","lãnh địa"
"dominance ","n","ˈdɑmənəns ","sự thống trị"
"donor ","n","ˈdoʊnər ","nhà tài trợ"
"dose ","n","doʊs ","liều lượng"
"drain ","v","dreɪn ","làm khô hạn"
"drift ","v","drɪft ","trôi dạt"
"driving ","adj","ˈdraɪvɪŋ ","điều khiển"
"drown ","v","draʊn ","chết chìm"
"dual ","adj","ˈduəl ","hai"
"dub ","v","dʌb ","Dub"
"dumb ","adj","dʌm ","câm"
"duo ","n","ˈduoʊ ","cặp đôi"
"dynamic ","n","daɪˈnæmɪk ","năng động"
"eager ","adj","ˈiɡər ","háo hức"
"earnings ","n","ˈɜrnɪŋz ","Thu nhập"
"ease ","n, v","iz ","xoa dịu"
"echo ","v, n","ˈɛkoʊ ","tiếng vang"
"ecological ","adj","ikəˈlɑʤɪkəl ","sinh thái"
"educator ","n","ˈɛʤəˌkeɪtər ","nhà giáo dục"
"effectiveness ","n","ɪˈfɛktɪvnəs ","hiệu quả"
"efficiency ","n","ɪˈfɪʃənsi ","hiệu quả"
"ego ","n","ˈiɡoʊ ","cái tôi"
"elaborate ","adj","ɪˈlæbrət ","phức tạp"
"electoral ","adj","ɪˈlɛktərəl ","bầu cử"
"elevate ","v","ˈɛləˌveɪt ","nâng"
"eligible ","adj","ˈɛləʤəbəl ","đạt chuẩn"
"elite ","n","ɪˈlit ","ưu tú"
"embark ","v","ɛmˈbɑrk ","tham gia"
"embarrassment ","n","ɪmˈbɛrəsmənt ","sự lúng túng"
"embassy ","n","ˈɛmbəsi ","đại sứ quán"
"embed ","v","ɪmˈbɛd ","nhúng"
"embody ","v","ɪmˈbɑdi ","hiện thân"
"emergence ","n","ɪˈmɜrʤəns ","sự xuất hiện"
"empirical ","adj","ˌɛmˈpɪrɪkəl ","thực nghiệm"
"empower ","v","ɪmˈpaʊər ","Trao quyền"
"enact ","v","ɪˈnækt ","ban hành"
"encompass ","v","ɛnˈkʌmpəs ","bao gồm"
"encouragement ","n","ɛnˈkɜrɪʤmənt ","sự khích lệ"
"encouraging ","adj","ɛnˈkɜrɪʤɪŋ ","khuyến khích"
"endeavour ","n","ɪnˈdɛvər ","nỗ lực"
"endless ","adj","ˈɛndləs ","bất tận"
"endorse ","v","ɛnˈdɔrs ","Chứng thực"
"endorsement ","n","ɛnˈdɔrsmənt ","Chứng thực"
"endure ","v","ɛnˈdjʊr ","chịu đựng"
"enforce ","v","ɛnˈfɔrs ","thi hành"
"enforcement ","n","ɛnˈfɔrsmənt ","thực thi"
"engagement ","n","ɛnˈɡeɪʤmənt ","hôn ước"
"engaging ","adj","ɛnˈɡeɪʤɪŋ ","hấp dẫn"
"enquire ","v","ɪnˈkwaɪər ","hỏi thăm"
"enrich ","v","ɛnˈrɪʧ ","làm phong phú"
"enrol ","v","enrol ","tham gia"
"ensue ","v","ɪnˈsu ","tiếp theo"
"enterprise ","n","ˈɛntərˌpraɪz ","doanh nghiệp"
"enthusiast ","n","ɛnˈθuziˌæst ","người đam mê"
"entitle ","v","ɛnˈtaɪtəl ","quyền"
"entity ","n","ˈɛntəti ","thực thể"
"epidemic ","n","ˌɛpəˈdɛmɪk ","bệnh dịch"
"equality ","n","ɪˈkwɑləti ","sự bình đẳng"
"equation ","n","ɪˈkweɪʒən ","phương trình"
"erect ","v","ɪˈrɛkt ","cương cứng"
"escalate ","v","ˈɛskəˌleɪt ","leo thang"
"essence ","n","ˈɛsəns ","nước hoa"
"establishment ","n","ɪˈstæblɪʃmənt ","thành lập"
"eternal ","adj","ɪˈtɜrnəl ","Vĩnh hằng"
"evacuate ","v","ɪˈvækjəˌeɪt ","sơ tán"
"evoke ","v","ɪˈvoʊk ","gợi lên"
"evolutionary ","adj","ˌɛvəˈluʃəˌnɛri ","tiến hóa"
"exaggerate ","v","ɪɡˈzæʤəˌreɪt ","nói quá"
"excellence ","n","ˈɛksələns ","xuất sắc"
"exceptional ","adj","ɪkˈsɛpʃənəl ","đặc biệt"
"excess ","n, adj","ˈɛkˌsɛs ","thặng dư"
"exclusion ","n","ɪkˈskluʒən ","loại trừ"
"exclusive ","adj","ɪkˈsklusɪv ","loại trừ"
"exclusively ","adv","ɪkˈsklusɪvli ","duy nhất"
"execute ","v","ˈɛksəˌkjut ","hành hình"
"execution ","n","ˌɛksəˈkjuʃən ","chấp hành"
"exert ","v","ɪɡˈzɜrt ","gắng sức"
"exile ","n","ˈɛɡˌzaɪl ","lưu vong"
"exit ","v","ˈɛɡzɪt ","lối ra"
"expenditure ","n","ɪkˈspɛndəʧər ","chi phí"
"experimental ","adj","ɪkˌspɛrɪˈmɛntəl ","thực nghiệm"
"expire ","v","ɪkˈspaɪr ","hết hạn"
"explicit ","adj","ɪkˈsplɪsət ","rõ ràng"
"explicitly ","adv","ɪkˈsplɪsətli ","rõ ràng"
"exploitation ","n","ˌɛkˌsplɔɪˈteɪʃən ","khai thác"
"explosive ","adj, n","ɪkˈsploʊsɪv ","nổ"
"extract ","v","ˈɛkˌstrækt ","trích xuất"
"extremist ","n","ɛkˈstrimɪst ","người cực đoan"
"facilitate ","v","fəˈsɪləˌteɪt ","tạo điều kiện"
"faction ","n","ˈfækʃən ","phe phái"
"faculty ","n","ˈfækəlti ","giảng viên"
"fade ","v","feɪd ","phai màu"
"fairness ","n","ˈfɛrnəs ","công bằng"
"fatal ","adj","ˈfeɪtəl ","gây tử vong"
"fate ","n","feɪt ","định mệnh"
"favourable ","adj","favourable ","thuận lợi"
"feat ","n","fit ","Feat"
"feminist ","adj, n","ˈfɛmənɪst ","nữ quyền"
"fibre ","n","ˈfaɪbər ","chất xơ"
"fierce ","adj","fɪrs ","mạnh mẽ"
"film-maker ","n","fɪlm-ˈmeɪkər ","làm phim"
"filter ","n, v","ˈfɪltər ","lọc"
"fine ","n, v","faɪn ","khỏe"
"firearm ","n","ˈfaɪəˌrɑrm ","súng"
"fit ","n","fɪt ","phù hợp"
"fixture ","n","ˈfɪksʧər ","vật cố định"
"flaw ","n","flɔ ","Lỗ hổng"
"flawed ","adj","flɔd ","thiếu sót"
"flee ","v","fli ","chạy trốn"
"fleet ","n","flit ","Hạm đội"
"flesh ","n","flɛʃ ","thịt"
"flexibility ","n","ˌflɛksəˈbɪləti ","Uyển chuyển"
"flourish ","v","ˈflɜrɪʃ ","Hưng thịnh"
"fluid ","n","ˈfluəd ","dịch"
"footage ","n","ˈfʊtɪʤ ","cảnh quay"
"foreigner ","n","ˈfɔrənər ","Người nước ngoài"
"forge ","v","fɔrʤ ","làm giả"
"formula ","n","ˈfɔrmjələ ","công thức"
"formulate ","v","ˈfɔrmjəˌleɪt ","xây dựng"
"forth ","adv","fɔrθ ","Forth"
"forthcoming ","adj","ˈfɔrθˈkʌmɪŋ ","sắp tới"
"foster ","v","ˈfɑstər ","nuôi dưỡng"
"fragile ","adj","ˈfræʤəl ","dễ vỡ"
"franchise ","n","ˈfrænˌʧaɪz ","nhượng quyền thương mại"
"frankly ","adv","ˈfræŋkli ","thẳng thắn"
"frustrated ","adj","ˈfrʌˌstreɪtəd ","bực bội"
"frustrating ","adj","ˈfrʌˌstreɪtɪŋ ","làm nản lòng"
"frustration ","n","frəˈstreɪʃən ","sự thất vọng"
"functional ","adj","ˈfʌŋkʃənəl ","chức năng"
"fundraising ","n","ˈfʌnˌdreɪsɪŋ ","gây quỹ"
"funeral ","n","ˈfjunərəl ","tang lễ"
"gallon ","n","ˈɡælən ","gallon"
"gambling ","n","ˈɡæmbəlɪŋ ","bài bạc"
"gathering ","n","ˈɡæðərɪŋ ","thu thập"
"gaze ","n, v","ɡeɪz ","ánh mắt"
"gear ","n","ɡɪr ","bánh răng"
"generic ","adj","ʤəˈnɛrɪk ","chung"
"genocide ","n","ˈʤɛnəˌsaɪd ","diệt chủng"
"glance ","n, v","ɡlæns ","Nhìn thoáng qua"
"glimpse ","n","ɡlɪmps ","cái nhìn thoáng qua"
"glorious ","adj","ˈɡlɔriəs ","vinh quang"
"glory ","n","ˈɡlɔri ","Vinh quang"
"governance ","n","ˈɡʌvərnəns ","quản trị"
"grace ","n","ɡreɪs ","duyên dáng"
"grasp ","v, n","ɡræsp ","sự hiểu biết"
"grave ","(for dead person) n","ɡreɪv ","phần mộ"
"grave ","(serious) adj","ɡreɪv ","phần mộ"
"gravity ","n","ˈɡrævəti ","Trọng lực"
"grid ","n","ɡrɪd ","Lưới"
"grief ","n","ɡrif ","nỗi buồn"
"grin ","v, n","ɡrɪn ","nụ cười"
"grind ","v","ɡraɪnd ","mài ngọc"
"grip ","n, v","ɡrɪp ","nắm chặt"
"gross ","adj","ɡroʊs ","tổng"
"guerrilla ","n","ɡəˈrɪlə ","Guerrilla"
"guidance ","n","ˈɡaɪdəns ","hướng dẫn"
"guilt ","n","ɡɪlt ","tội lỗi"
"gut ","n","ɡʌt ","ruột"
"hail ","v","heɪl ","kêu"
"halfway ","adv","ˈhæˈfweɪ ","Nửa chừng"
"halt ","v, n","hɔlt ","tạm dừng lại"
"handful ","n","ˈhændˌfʊl ","một nắm đầy tay"
"handling ","n","ˈhændlɪŋ ","sự điều khiển"
"handy ","adj","ˈhændi ","tiện dụng"
"harassment ","n","həˈræsmənt ","quấy rối"
"hardware ","n","ˈhɑrˌdwɛr ","phần cứng"
"harmony ","n","ˈhɑrməni ","hòa hợp"
"harsh ","adj","hɑrʃ ","thô ráp"
"harvest ","n, v","ˈhɑrvəst ","mùa gặt"
"hatred ","n","ˈheɪtrəd ","sự thù ghét"
"haunt ","v","hɔnt ","ám ảnh"
"hazard ","n","ˈhæzərd ","nguy hiểm"
"heighten ","v","ˈhaɪtən ","Nâng cao"
"heritage ","n","ˈhɛrətəʤ ","di sản"
"hierarchy ","n","ˈhaɪəˌrɑrki ","hệ thống cấp bậc"
"high-profile ","adj","ˌhaɪˈproʊfaɪl ","tầm cỡ"
"hint ","n, v","hɪnt ","gợi ý"
"homeland ","n","ˈhoʊmˌlænd ","quê hương"
"hook ","v","hʊk ","cái móc"
"hopeful ","adj","ˈhoʊpfəl ","hy vọng"
"horizon ","n","həˈraɪzən ","Chân trời"
"horn ","n","hɔrn ","sừng"
"hostage ","n","ˈhɑstɪʤ ","con tin"
"hostile ","adj","ˈhɑstəl ","thù địch"
"hostility ","n","hɑˈstɪləti ","sự thù địch"
"humanitarian ","adj","ˌhjuˌmænəˈtɛriən ","Nhân đạo"
"humanity ","n","hjuˈmænɪti ","Nhân loại"
"humble ","adj","ˈhʌmbəl ","khiêm tốn"
"hydrogen ","n","ˈhaɪdrəʤən ","hydro"
"identification ","n","aɪˌdɛntəfəˈkeɪʃən ","nhận biết"
"ideological ","adj","ˌaɪdiəˈlɑʤɪkəl ","ý thức hệ"
"ideology ","n","ˌaɪdiˈɑləʤi ","ý thức hệ"
"idiot ","n","ˈɪdiət ","kẻ ngốc"
"ignorance ","n","ˈɪɡnərəns ","sự thiếu hiểu biết"
"imagery ","n","ˈɪməʤri ","hình ảnh"
"immense ","adj","ɪˈmɛns ","bao la"
"imminent ","adj","ˈɪmənənt ","sắp xảy ra"
"implementation ","n","ˌɪmpləmɛnˈteɪʃən ","thực hiện"
"imprison ","v","ɪmˈprɪzən ","bỏ tù"
"imprisonment ","n","ɪmˈprɪzənmənt ","bỏ tù"
"inability ","n","ˌɪnəˈbɪlɪti ","sự bất lực"
"inadequate ","adj","ɪˈnædəkwət ","không thỏa đáng"
"inappropriate ","adj","ˌɪnəˈproʊpriɪt ","không phù hợp"
"incidence ","n","ˈɪnsədəns ","tỷ lệ mắc bệnh"
"inclined ","adj","ɪnˈklaɪnd ","nghiêng"
"inclusion ","n","ɪnˈkluʒən ","bao gồm"
"incur ","v","ɪnˈkɜr ","gánh chịu"
"indicator ","n","ˈɪndəˌkeɪtər ","chỉ báo"
"indictment ","n","ɪnˈdaɪtmənt ","bản cáo trạng"
"indigenous ","adj","ɪnˈdɪʤənəs ","bản địa"
"induce ","v","ɪnˈdus ","xúi giục"
"indulge ","v","ɪnˈdʌlʤ ","thưởng thức"
"inequality ","n","ˌɪnɪˈkwɑləti ","bất bình đẳng"
"infamous ","adj","ˈɪnfəməs ","khét tiếng"
"infant ","n","ˈɪnfənt ","trẻ sơ sinh"
"infect ","v","ɪnˈfɛkt ","lây nhiễm"
"inflict ","v","ɪnˈflɪkt ","gây thiệt"
"influential ","adj","ˌɪnfluˈɛnʧəl ","có ảnh hưởng"
"inherent ","adj","ɪnˈhɪrənt ","vốn có"
"inhibit ","v","ɪnˈhɪbət ","ức chế"
"initiate ","v","ɪˈnɪʃiɪt ","khởi xướng"
"inject ","v","ɪnˈʤɛkt ","tiêm"
"injection ","n","ɪnˈʤɛkʃən ","mũi tiêm"
"injustice ","n","ɪnˈʤʌstɪs ","sự bất công"
"inmate ","n","ˈɪnˌmeɪt ","tù nhân"
"insertion ","n","ɪnˈsɜrʃən ","chèn"
"insider ","n","ɪnˈsaɪdər ","người trong cuộc"
"inspect ","v","ɪnˈspɛkt ","quan sát"
"inspection ","n","ɪnˈspɛkʃən ","điều tra"
"inspiration ","n","ˌɪnspəˈreɪʃən ","cảm hứng"
"instinct ","n","ˈɪnstɪŋkt ","bản năng"
"institutional ","adj","ˌɪnstɪˈtuʃənəl ","thể chế"
"instruct ","v","ɪnˈstrʌkt ","dạy"
"instrumental ","adj","ˌɪnstrəˈmɛntəl ","nhạc cụ"
"insufficient ","adj","ɪnsəˈfɪʃənt ","không đủ"
"insult ","n, v","ˈɪnˌsʌlt ","sự sỉ nhục"
"intact ","adj","ɪnˈtækt ","nguyên vẹn"
"intake ","n","ˈɪnˌteɪk ","đầu vào"
"integral ","adj","ˈɪntəɡrəl ","tích phân"
"integrated ","adj","ˈɪntəˌɡreɪtəd ","tích hợp"
"integration ","n","ˌɪntəˈɡreɪʃən ","hội nhập"
"integrity ","n","ɪnˈtɛɡrəti ","chính trực"
"intellectual ","n","ˌɪntəˈlɛkʧuəl ","trí tuệ"
"intensify ","v","ɪnˈtɛnsəˌfaɪ ","tăng cường"
"intensity ","n","ɪnˈtɛnsəti ","cường độ"
"intensive ","adj","ɪnˈtɛnsɪv ","căng"
"intent ","n","ɪnˈtɛnt ","ý định"
"interactive ","adj","ˌɪntəˈræktɪv ","tương tác"
"interface ","n","ˈɪntərˌfeɪs ","giao diện"
"interfere ","v","ˌɪntərˈfɪr ","can thiệp"
"interference ","n","ˌɪntərˈfɪrəns ","sự can thiệp"
"interim ","adj","ˈɪntərəm ","tạm thời"
"interior ","adj, n","ɪnˈtɪriər ","Nội địa"
"intermediate ","adj","ˌɪntərˈmidiɪt ","trung cấp"
"intervene ","v","ˌɪntərˈvin ","can thiệp"
"intervention ","n","ˌɪntərˈvɛnʧən ","sự can thiệp"
"intimate ","adj","ˈɪntəmət ","thân mật"
"intriguing ","adj","ɪnˈtriɡɪŋ ","hấp dẫn"
"investigator ","n","ɪnˈvɛstəˌɡeɪtər ","người điều tra"
"invisible ","adj","ɪnˈvɪzəbəl ","vô hình"
"invoke ","v","ɪnˈvoʊk ","gọi"
"involvement ","n","ɪnˈvɑlvmənt ","sự tham gia"
"ironic ","adj","aɪˈrɑnɪk ","mỉa mai"
"ironically ","adv","aɪˈrɑnɪkli ","trớ trêu thay"
"irony ","n","ˈaɪrəni ","sự mỉa mai"
"irrelevant ","adj","ɪˈrɛləvənt ","không liên quan"
"isolation ","n","ˌaɪsəˈleɪʃən ","sự cách ly"
"judicial ","adj","ʤuˈdɪʃəl ","tư pháp"
"junction ","n","ˈʤʌŋkʃən ","giao lộ"
"jurisdiction ","n","ˌʤʊrəsˈdɪkʃən ","quyền hạn"
"just ","adj","ʤʌst ","chỉ"
"justification ","n","ˌʤʌstəfəˈkeɪʃən ","sự biện minh"
"kidnap ","v","ˈkɪdˌnæp ","bắt cóc"
"kidney ","n","ˈkɪdni ","quả thận"
"kingdom ","n","ˈkɪŋdəm ","Vương quốc"
"lad ","n","læd ","thanh niên"
"landlord ","n","ˈlænˌdlɔrd ","chủ nhà"
"landmark ","n","ˈlændˌmɑrk ","phong cảnh"
"lap ","n","læp ","lòng"
"large-scale ","adj","lɑrʤ-skeɪl ","quy mô lớn"
"laser ","n","ˈleɪzər ","tia laze"
"latter ","adj, n","ˈlætər ","sau này"
"lawn ","n","lɔn ","bãi cỏ"
"lawsuit ","n","ˈlɔˌsut ","vụ kiện"
"layout ","n","ˈleɪˌaʊt ","cách trình bày"
"leak ","v, n","lik ","hở"
"leap ","v, n","lip ","bước nhảy vọt"
"legacy ","n","ˈlɛɡəsi ","di sản"
"legendary ","adj","ˈlɛʤənˌdɛri ","huyền thoại"
"legislation ","n","ˌlɛʤəˈsleɪʃən ","pháp luật"
"legislative ","adj","ˈlɛʤəˌsleɪtɪv ","lập pháp"
"legislature ","n","ˈlɛʤəˌsleɪʧər ","cơ quan lập pháp"
"legitimate ","adj","ləˈʤɪtəmət ","hợp pháp"
"lengthy ","adj","ˈlɛŋθi ","dài dòng"
"lesbian ","adj","ˈlɛzbiən ","đồng tính nữ"
"lesser ","adj","ˈlɛsər ","ít hơn"
"lethal ","adj","ˈliθəl ","gây chết người"
"liable ","adj","ˈlaɪəbəl ","chịu trách nhiệm"
"liberal ","adj, n","ˈlɪbərəl ","tự do"
"liberation ","n","ˌlɪbəˈreɪʃən ","giải phóng"
"liberty ","n","ˈlɪbərti ","tự do"
"license ","v","ˈlaɪsəns ","giấy phép"
"lifelong ","adj","ˈlaɪˈflɔŋ ","suốt đời"
"likelihood ","n","ˈlaɪkliˌhʊd ","khả năng xảy ra"
"limb ","n","lɪm ","chân tay"
"linear ","adj","ˈlɪniər ","tuyến tính"
"line-up ","n","laɪn-ʌp ","xếp hàng"
"linger ","v","ˈlɪŋɡər ","nán lại"
"listing ","n","ˈlɪstɪŋ ","niêm yết"
"literacy ","n","ˈlɪtərəsi ","trình độ học vấn"
"liver ","n","ˈlɪvər ","gan"
"lobby ","n, v","ˈlɑbi ","sảnh"
"log ","n, v","lɔɡ ","nhật ký"
"logic ","n","ˈlɑʤɪk ","Hợp lý"
"long-standing ","adj","lɔŋ-ˈstændɪŋ ","lâu đời"
"long-time ","adj","lɔŋ-taɪm ","thời gian dài"
"loom ","v","lum ","khung cửi"
"loop ","n","lup ","vòng"
"loyalty ","n","ˈlɔɪəlti ","lòng trung thành"
"machinery ","n","məˈʃinəri ","máy móc"
"magical ","adj","ˈmæʤɪkəl ","huyền diệu"
"magistrate ","n","ˈmæʤəˌstreɪt ","quan tòa"
"magnetic ","adj","mæɡˈnɛtɪk ","từ tính"
"magnitude ","n","ˈmæɡnəˌtud ","kích cỡ"
"mainland ","n","ˈmeɪnˌlænd ","đất liền"
"mainstream ","n, adj","ˈmeɪnˌstrim ","Xu hướng"
"maintenance ","n","ˈmeɪntənəns ","BẢO TRÌ"
"mandate ","n","ˈmænˌdeɪt ","thi hành"
"mandatory ","adj","ˈmændəˌtɔri ","bắt buộc"
"manifest ","v","ˈmænəˌfɛst ","rõ ràng"
"manipulate ","v","məˈnɪpjəˌleɪt ","vận dụng"
"manipulation ","n","məˌnɪpjəˈleɪʃən ","thao tác"
"manuscript ","n","ˈmænjəˌskrɪpt ","bản thảo"
"march ","n, v","mɑrʧ ","bước đều"
"marginal ","adj","ˈmɑrʤənəl ","cận biên"
"marine ","adj","məˈrin ","hàng hải"
"marketplace ","n","ˈmɑrkətˌpleɪs ","thương trường"
"mask ","n","mæsk ","mặt nạ"
"massacre ","n","ˈmæsəkər ","tàn sát"
"mathematical ","adj","ˌmæθəˈmætɪkəl ","toán học"
"mature ","adj, v","məˈʧʊr ","trưởng thành"
"maximize ","v","ˈmæksəˌmaɪz ","tối đa hóa"
"meaningful ","adj","ˈminɪŋfəl ","có ý nghĩa"
"meantime ","n","ˈminˌtaɪm ","trong lúc đó"
"medieval ","adj","mɪˈdivəl ","thời trung cổ"
"meditation ","n","ˌmɛdəˈteɪʃən ","thiền"
"melody ","n","ˈmɛlədi ","giai điệu"
"memo ","n","ˈmɛˌmoʊ ","bản ghi nhớ"
"memoir ","n","ˈmɛmˌwɑr ","hồi ký"
"memorial ","n","məˈmɔriəl ","Đài kỷ niệm"
"mentor ","n","ˈmɛnˌtɔr ","người hướng dẫn"
"merchant ","n","ˈmɜrʧənt ","thương gia"
"mercy ","n","ˈmɜrsi ","nhân từ"
"mere ","adj","mɪr ","chỉ là"
"merely ","adv","ˈmɪrli ","chỉ đơn thuần là"
"merge ","v","mɜrʤ ","hợp nhất"
"merger ","n","ˈmɜrʤər ","sáp nhập"
"merit ","n","ˈmɛrət ","công lao"
"methodology ","n","ˌmɛθəˈdɑləʤi ","phương pháp luận"
"midst ","n","mɪdst ","ở giữa"
"migration ","n","maɪˈɡreɪʃən ","di cư"
"militant ","n, adj","ˈmɪlətənt ","dân quân"
"militia ","n","məˈlɪʃə ","dân quân"
"mill ","n","mɪl ","cối xay"
"minimal ","adj","ˈmɪnəməl ","tối thiểu"
"minimize ","v","ˈmɪnəˌmaɪz ","giảm thiểu"
"mining ","n","ˈmaɪnɪŋ ","khai thác mỏ"
"ministry ","n","ˈmɪnəstri ","Bộ"
"miracle ","n","ˈmɪrəkəl ","phép màu"
"misery ","n","ˈmɪzəri ","khốn khổ"
"misleading ","adj","mɪsˈlidɪŋ ","gây hiểu lầm"
"missile ","n","ˈmɪsəl ","hỏa tiễn"
"mob ","n","mɑb ","đám đông"
"mobility ","n","moʊˈbɪləti ","tính di động"
"mobilize ","v","ˈmoʊbəˌlaɪz ","huy động"
"moderate ","adj","ˈmɑdərət ","vừa phải"
"modification ","n","ˌmɑdəfəˈkeɪʃən ","sửa đổi"
"momentum ","n","moʊˈmɛntəm ","Quán tính"
"monk ","n","mʌŋk ","nhà sư"
"monopoly ","n","məˈnɑpəli ","sự độc quyền"
"morality ","n","məˈræləti ","đạo đức"
"motive ","n","ˈmoʊtɪv ","động cơ"
"motorist ","n","ˈmoʊtərɪst ","người lái xe ô tô"
"municipal ","adj","mjuˈnɪsəpəl ","thành phố"
"mutual ","adj","ˈmjuʧuəl ","qua lại"
"namely ","adv","ˈneɪmli ","cụ thể là"
"nationwide ","adj","ˈneɪʃənˈwaɪd ","toàn quốc"
"naval ","adj","ˈneɪvəl ","hải quân"
"neglect ","v, n","nəˈɡlɛkt ","sao nhãng"
"neighbouring ","adj","neighbouring ","láng giềng"
"nest ","n","nɛst ","tổ"
"net ","adj","nɛt ","mạng lưới"
"newsletter ","n","ˈnuˌzlɛtər ","bản tin"
"niche ","n","nɪʧ ","thích hợp"
"noble ","adj","ˈnoʊbəl ","cao quý"
"nod ","v","nɑd ","gật đầu"
"nominate ","v","ˈnɑmənət ","đề cử"
"nomination ","n","ˌnɑməˈneɪʃən ","sự đề cử"
"nominee ","n","ˌnɑməˈni ","người được đề cử"
"nonetheless ","adv","ˌnʌnðəˈlɛs ","dù sao đi nữa"
"non-profit ","adj","nɑn-ˈprɑfət ","phi lợi nhuận"
"nonsense ","n","ˈnɑnsɛns ","vô lý"
"noon ","n","nun ","buổi trưa"
"notable ","adj","ˈnoʊtəbəl ","đáng chú ý"
"notably ","adv","ˈnoʊtəbli ","đáng chú ý"
"notify ","v","ˈnoʊtəˌfaɪ ","thông báo"
"notorious ","adj","noʊˈtɔriəs ","khét tiếng"
"novel ","adj","ˈnɑvəl ","cuốn tiểu thuyết"
"nursery ","n","ˈnɜrsəri ","vườn ươm"
"objection ","n","əbˈʤɛkʃən ","sự phản đối"
"oblige ","v","əˈblaɪʤ ","bắt buộc"
"obsess ","v","əbˈsɛs ","ám ảnh"
"obsession ","n","əbˈsɛʃən ","nỗi ám ảnh"
"occasional ","adj","əˈkeɪʒənəl ","thỉnh thoảng"
"occurrence ","n","əˈkɜrəns ","tần suất xảy ra"
"odds ","n","ɑdz ","tỷ lệ cược"
"offering ","n","ˈɔfərɪŋ ","chào bán"
"offspring ","n","ˈɔfˌsprɪŋ ","con cháu"
"operational ","adj","ˌɑpəˈreɪʃənəl ","hoạt động"
"opt ","v","ɑpt ","opt"
"optical ","adj","ˈɑptɪkəl ","quang học"
"optimism ","n","ˈɑptəˌmɪzəm ","sự lạc quan"
"oral ","adj","ˈɔrəl ","miệng"
"organizational ","adj","ˌɔrɡənəˈzeɪʃənəl ","tổ chức"
"orientation ","n","ˌɔriɛnˈteɪʃən ","định hướng"
"originate ","v","əˈrɪʤəˌneɪt ","bắt nguồn"
"outbreak ","n","ˈaʊtˌbreɪk ","sự bùng phát"
"outing ","n","ˈaʊtɪŋ ","chuyến đi chơi"
"outlet ","n","ˈaʊtˌlɛt ","chỗ thoát"
"outlook ","n","ˈaʊtˌlʊk ","quan điểm"
"outrage ","n, v","ˈaʊˌtreɪʤ ","phẫn nộ"
"outsider ","n","aʊtˈsaɪdər ","người ngoài cuộc"
"overlook ","v","ˈoʊvərˌlʊk ","bỏ qua"
"overly ","adv","ˈoʊvərli ","quá mức"
"oversee ","v","ˈoʊvərˌsi ","giám sát"
"overturn ","v","ˈoʊvərˌtɜrn ","lật ngửa"
"overwhelm ","v","ˌoʊvərˈwɛlm ","áp đảo"
"overwhelming ","adj","ˌoʊvərˈwɛlmɪŋ ","áp đảo"
"pad ","n","pæd ","tập giấy"
"parameter ","n","pəˈræmətər ","tham số"
"parental ","adj","pəˈrɛntəl ","cha mẹ"
"parish ","n","ˈpærɪʃ ","giáo xứ"
"parliamentary ","adj","ˌpɑrləˈmɛntəri ","nghị viện"
"partial ","adj","ˈpɑrʃəl ","một phần"
"partially ","adv","ˈpɑrʃəli ","một phần"
"passing ","n","ˈpæsɪŋ ","đi qua"
"passive ","adj","ˈpæsɪv ","thụ động"
"pastor ","n","ˈpæstər ","mục sư"
"patch ","n","pæʧ ","vá"
"patent ","n","ˈpætənt ","bằng sáng chế"
"pathway ","n","ˈpæˌθweɪ ","con đường"
"patrol ","n, v","pəˈtroʊl ","tuần tra"
"patron ","n","ˈpeɪtrən ","người bảo trợ"
"peak ","n","pik ","đỉnh cao"
"peasant ","n","ˈpɛzənt ","tá điền"
"peculiar ","adj","pəˈkjuljər ","kỳ lạ"
"persist ","v","pərˈsɪst ","kiên trì"
"persistent ","adj","pərˈsɪstənt ","kiên trì"
"personnel ","n","ˌpɜrsəˈnɛl ","nhân viên"
"petition ","n","pəˈtɪʃən ","đơn kiến ​​nghị"
"philosopher ","n","fəˈlɑsəfər ","triết gia"
"philosophical ","adj","ˌfɪləˈsɑfɪkəl ","triết học"
"physician ","n","fəˈzɪʃən ","bác sĩ"
"pioneer ","n, v","ˌpaɪəˈnɪr ","người tiên phong"
"pipeline ","n","ˈpaɪˌplaɪn ","đường ống"
"pirate ","n","ˈpaɪrət ","cướp biển"
"pit ","n","pɪt ","hố"
"plea ","n","pli ","lời thú tội"
"plead ","v","plid ","biện hộ"
"pledge ","v, n","plɛʤ ","lời hứa"
"plug ","v, n","plʌɡ ","phích cắm"
"plunge ","v","plʌnʤ ","lao xuống"
"pole ","n","poʊl ","cây sào"
"poll ","n","poʊl ","thăm dò ý kiến"
"pond ","n","pɑnd ","ao"
"pop ","v","pɑp ","nhạc pop"
"portfolio ","n","pɔrtˈfoʊliˌoʊ ","danh mục đầu tư"
"portray ","v","pɔrˈtreɪ ","miêu tả"
"postpone ","v","poʊstˈpoʊn ","hoãn"
"post-war ","adj","poʊst-wɔr ","sau chiến tranh"
"practitioner ","n","prækˈtɪʃənər ","người hành nghề"
"preach ","v","priʧ ","thuyết giáo"
"precedent ","n","ˈprɛsɪdənt ","tiền lệ"
"precision ","n","priˈsɪʒən ","độ chính xác"
"predator ","n","ˈprɛdətər ","kẻ săn mồi"
"predecessor ","n","ˈprɛdəˌsɛsər ","người tiền nhiệm"
"predominantly ","adv","prɪˈdɑmənəntli ","chủ yếu"
"pregnancy ","n","ˈprɛɡnənsi ","thai kỳ"
"prejudice ","n","ˈprɛʤədɪs ","định kiến"
"preliminary ","adj","prɪˈlɪməˌnɛri ","sơ bộ"
"premier ","n","prɛˈmɪr ","thủ tướng"
"premise ","n","ˈprɛmɪs ","tiền đề"
"premium ","n","ˈprimiəm ","phần thưởng"
"prescribe ","v","prəˈskraɪb ","quy định"
"prescription ","n","prəˈskrɪpʃən ","đơn thuốc"
"presently ","adv","ˈprɛzəntli ","hiện tại"
"preservation ","n","ˌprɛzərˈveɪʃən ","sự bảo tồn"
"preside ","v","prɪˈzaɪd ","chủ trì"
"presidency ","n","ˈprɛzədənsi ","tổng thống"
"presidential ","adj","ˌprɛzəˈdɛnʧəl ","tổng thống"
"prestigious ","adj","prɛˈstɪʤəs ","uy tín"
"presumably ","adv","prəˈzuməbli ","có lẽ"
"presume ","v","prɪˈzum ","đoán chừng"
"prevail ","v","prɪˈveɪl ","Chiếm ưu thế"
"prevalence ","n","ˈprɛvələns ","sự phổ biến"
"prevention ","n","priˈvɛnʃən ","Phòng ngừa"
"prey ","n","preɪ ","con mồi"
"principal ","n","ˈprɪnsəpəl ","hiệu trưởng"
"privatization ","n","ˈpraɪvətəˈzeɪʃən ","tư nhân hóa"
"privilege ","n","ˈprɪvləʤ ","đặc quyền"
"probe ","n, v","proʊb ","thăm dò"
"problematic ","adj","ˌprɑbləˈmætɪk ","có vấn đề"
"proceedings ","n","proʊˈsidɪŋz ","thủ tục tố tụng"
"proceeds ","n","prəˈsidz ","tiền thu được"
"processing ","n","ˈprɑsɛsɪŋ ","xử lý"
"processor ","n","ˈprɑˌsɛsər ","bộ xử lý"
"proclaim ","v","proʊˈkleɪm ","tuyên bố"
"productive ","adj","prəˈdʌktɪv ","năng suất"
"productivity ","n","ˌproʊdəkˈtɪvəti ","năng suất"
"profitable ","adj","ˈprɑfətəbəl ","có lợi nhuận"
"profound ","adj","proʊˈfaʊnd ","thâm thúy"
"projection ","n","prəˈʤɛkʃən ","phép chiếu"
"prominent ","adj","ˈprɑmənənt ","nổi bật"
"pronounced ","adj","prəˈnaʊnst ","phát âm"
"propaganda ","n","ˌprɑpəˈɡændə ","tuyên truyền"
"proposition ","n","ˌprɑpəˈzɪʃən ","Dự luật"
"prosecute ","v","ˈprɑsəˌkjut ","truy tố"
"prosecution ","n","ˌprɑsəˈkjuʃən ","truy tố"
"prosecutor ","n","ˈprɑsɪˌkjutər ","công tố viên"
"prospective ","adj","prəˈspɛktɪv ","triển vọng"
"prosperity ","n","prɑˈspɛrəti ","sự phồn vinh"
"protective ","adj","prəˈtɛktɪv ","bảo vệ"
"protocol ","n","ˈproʊtəˌkɑl ","giao thức"
"province ","n","ˈprɑvəns ","tỉnh"
"provincial ","adj","prəˈvɪnʃəl ","tỉnh"
"provision ","n","prəˈvɪʒən ","sự cung cấp"
"provoke ","v","prəˈvoʊk ","khiêu khích"
"psychiatric ","adj","ˌsaɪkiˈætrɪk ","tâm thần"
"pulse ","n","pʌls ","xung"
"pump ","v, n","pʌmp ","bơm"
"punch ","n, v","pʌnʧ ","cú đấm"
"query ","n","ˈkwiri ","truy vấn"
"quest ","n","kwɛst ","nhiệm vụ"
"quota ","n","ˈkwoʊtə ","hạn ngạch"
"radar ","n","ˈreɪˌdɑr ","rađa"
"radical ","adj","ˈrædəkəl ","căn bản"
"rage ","n","reɪʤ ","cơn thịnh nộ"
"raid ","n, v","reɪd ","cuộc đột kích"
"rally ","n, v","ˈræli ","tập hợp"
"ranking ","n","ˈræŋkɪŋ ","xếp hạng"
"rape ","n, v","reɪp ","hiếp dâm"
"ratio ","n","ˈreɪʃiˌoʊ ","tỉ lệ"
"rational ","adj","ˈræʃənəl ","hợp lý"
"ray ","n","reɪ ","cá đuối"
"readily ","adv","ˈrɛdəli ","dễ dàng"
"realization ","n","ˈriləˈzeɪʃən ","hiện thực hóa"
"realm ","n","rɛlm ","vương quốc"
"rear ","adj, n","rɪr ","ở phía sau"
"reasoning ","n","ˈrizənɪŋ ","lý luận"
"reassure ","v","ˌriəˈʃʊr ","trấn an"
"rebel ","n","ˈrɛbəl ","nổi loạn"
"rebellion ","n","rɪˈbɛljən ","nổi loạn"
"recipient ","n","rəˈsɪpiənt ","người nhận"
"reconstruction ","n","ˌrikənˈstrʌkʃən ","tái thiết"
"recount1 ","v","rɪˈkaʊnt1","kể lại 1"
"referendum ","n","ˌrɛfəˈrɛndəm ","trưng cầu dân ý"
"reflection ","n","rəˈflɛkʃən ","sự phản xạ"
"reform ","n, v","riˈfɔrm ","cải cách"
"refuge ","n","ˈrɛfjuʤ ","nơi trú ẩn"
"refusal ","n","rəˈfjuzəl ","từ chối"
"regain ","v","rɪˈɡeɪn ","lấy lại"
"regardless ","adv","rəˈɡɑrdləs ","bất kể"
"regime ","n","rəʒˈim ","chế độ"
"regulator ","n","ˈrɛɡjəˌleɪtər ","bộ điều chỉnh"
"regulatory ","adj","ˈrɛɡjələˌtɔri ","quy định"
"rehabilitation ","n","ˌrihəˌbɪləˈteɪʃən ","phục hồi chức năng"
"reign ","n, v","reɪn ","trị vì"
"rejection ","n","rɪˈʤɛkʃən ","sự từ chối"
"relevance ","n","ˈrɛləvəns ","sự liên quan"
"reliability ","n","riˌlaɪəˈbɪləti ","độ tin cậy"
"reluctant ","adj","rɪˈlʌktənt ","miễn cưỡng"
"remainder ","n","rɪˈmeɪndər ","phần còn lại"
"remains ","n","rɪˈmeɪnz ","còn lại"
"remedy ","n","ˈrɛmədi ","phương thuốc"
"reminder ","n","riˈmaɪndər ","lời nhắc nhở"
"removal ","n","rɪˈmuvəl ","gỡ bỏ"
"render ","v","ˈrɛndər ","kết xuất"
"renew ","v","rɪˈnu ","thay mới"
"renowned ","adj","rɪˈnaʊnd ","nổi tiếng"
"rental ","n","ˈrɛntəl ","cho thuê"
"replacement ","n","rɪˈpleɪsmənt ","thay thế"
"reportedly ","adv","rɪˈpɔrtədli ","theo báo cáo"
"representation ","n","ˌrɛprəzɛnˈteɪʃən ","đại diện"
"reproduce ","v","ˌriprəˈdus ","tái sản xuất"
"reproduction ","n","ˌriprəˈdʌkʃən ","sinh sản"
"republic ","n","riˈpʌblək ","nước cộng hòa"
"resemble ","v","rɪˈzɛmbəl ","giống"
"reside ","v","rɪˈzaɪd ","cư trú tại"
"residence ","n","ˈrɛzɪdəns ","nơi cư trú"
"residential ","adj","ˌrɛzɪˈdɛnʧəl ","khu dân cư"
"residue ","n","ˈrɛzəˌdu ","phần còn lại"
"resignation ","n","ˌrɛzəɡˈneɪʃən ","sự từ chức"
"resistance ","n","rɪˈzɪstəns ","sức chống cự"
"respective ","adj","rɪˈspɛktɪv ","tương ứng"
"respectively ","adv","rɪˈspɛktɪvli ","tương ứng"
"restoration ","n","ˌrɛstəˈreɪʃən ","sự phục hồi"
"restraint ","n","rɪˈstreɪnt ","kiềm chế"
"resume ","v","rɪˈzum ","bản tóm tắt"
"retreat ","n, v","riˈtrit ","rút lui"
"retrieve ","v","rɪˈtriv ","lấy lại"
"revelation ","n","ˌrɛvəˈleɪʃən ","sự mặc khải"
"revenge ","n","riˈvɛnʤ ","sự trả thù"
"reverse ","v , n, adj","rɪˈvɜrs ","đảo ngược"
"revival ","n","rɪˈvaɪvəl ","hồi sinh"
"revive ","v","rɪˈvaɪv ","hồi sinh"
"revolutionary ","adj","ˌrɛvəˈluʃəˌnɛri ","mang tính cách mạng"
"rhetoric ","n","ˈrɛtərɪk ","Hùng biện"
"rifle ","n","ˈraɪfəl ","súng trường"
"riot ","n","ˈraɪət ","cuộc náo loạn"
"rip ","v","rɪp ","xé"
"ritual ","n","ˈrɪʧuəl ","nghi thức"
"robust ","adj","roʊˈbʌst ","khỏe mạnh"
"rock ","v","rɑk ","đá"
"rod ","n","rɑd ","gậy"
"rotate ","v","ˈroʊˌteɪt ","quay"
"rotation ","n","roʊˈteɪʃən ","Vòng xoay"
"ruling ","n","ˈrulɪŋ ","cai trị"
"rumour ","n","ˌrumər ","tin đồn"
"sack ","v","sæk ","bao"
"sacred ","adj","ˈseɪkrəd ","Linh thiêng"
"sacrifice ","n, v","ˈsækrəˌfaɪs ","hy sinh"
"saint ","n","seɪnt ","thánh nhân"
"sake ","n","seɪk ","lợi ích"
"sanction ","n","ˈsæŋkʃən ","phê chuẩn"
"say ","n","seɪ ","nói"
"scattered ","adj","ˈskætərd ","rải rác"
"sceptical ","adj","sceptical ","hoài nghi"
"scope ","n","skoʊp ","phạm vi"
"screw ","v, n","skru ","Đinh ốc"
"scrutiny ","n","ˈskrutəni ","sự xem xét kỹ lưỡng"
"seal ","v, n","sil ","niêm phong"
"secular ","adj","ˈsɛkjələr ","thế tục"
"seemingly ","adv","ˈsimɪŋli ","có vẻ"
"segment ","n","ˈsɛɡmənt ","bộ phận"
"seize ","v","siz ","nắm bắt"
"seldom ","adv","ˈsɛldəm ","hiếm khi"
"selective ","adj","səˈlɛktɪv ","chọn lọc"
"senator ","n","ˈsɛnətər ","thượng nghị sĩ"
"sensation ","n","sɛnˈseɪʃən ","cảm giác"
"sensitivity ","n","ˌsɛnsɪˈtɪvɪti ","nhạy cảm"
"sentiment ","n","ˈsɛntəmənt ","tình cảm"
"separation ","n","ˌsɛpəˈreɪʃən ","tách biệt"
"serial ","adj","ˈsɪˌriəl ","nối tiếp"
"settlement ","n","ˈsɛtəlmənt ","giải quyết"
"set-up ","n","sɛt-ʌp ","cài đặt"
"sexuality ","n","ˌsɛkʃuˈæləti ","tình dục"
"shareholder ","n","ˈʃɛrˌhoʊldər ","cổ đông"
"shatter ","v","ˈʃætər ","làm vỡ"
"shed ","v","ʃɛd ","túp lều"
"sheer ","adj","ʃɪr ","tuyệt đối"
"shipping ","n","ˈʃɪpɪŋ ","Đang chuyển hàng"
"shoot ","n","ʃut ","bắn"
"shrink ","v","ʃrɪŋk ","co lại"
"shrug ","v","ʃrʌɡ ","nhún vai"
"sigh ","v, n","saɪ ","thở dài"
"simulate ","v","ˈsɪmjələt ","mô phỏng"
"simulation ","n","ˌsɪmjəˈleɪʃən ","mô phỏng"
"simultaneously ","adv","ˌsaɪməlˈteɪniəsli ","đồng thời"
"sin ","n","sɪn ","tội"
"situated ","adj","ˈsɪʧuˌeɪtɪd ","nằm"
"sketch ","n","skɛʧ ","phác họa"
"skip ","v","skɪp ","nhảy"
"slam ","v","slæm ","sập"
"slap ","v","slæp ","cái tát"
"slash ","v","slæʃ ","gạch chéo"
"slavery ","n","ˈsleɪvəri ","chế độ nô lệ"
"slot ","n","slɑt ","chỗ"
"smash ","v","smæʃ ","đập vỡ"
"snap ","v","snæp ","búng tay"
"soak ","v","soʊk ","ngâm"
"soar ","v","sɔr ","bay lên"
"socialist ","adj","ˈsoʊʃələst ","nhà xã hội học"
"sole ","adj","soʊl ","Duy Nhất"
"solely ","adv","ˈsoʊəli ","cô độc"
"solicitor ","n","səˈlɪsətər ","cố vấn pháp luật"
"solidarity ","n","ˌsɑləˈdɛrəti ","sự đoàn kết"
"solo ","adj, n","ˈsoʊˌloʊ ","đấu"
"sound ","adj","saʊnd ","âm thanh"
"sovereignty ","n","ˈsɑvrənti ","chủ quyền"
"spam ","n","spæm ","thư rác"
"span ","v, n","spæn ","nhịp"
"spare ","v","spɛr ","dự phòng"
"spark ","v","spɑrk ","tia lửa"
"specialized ","adj","ˈspɛʃəˌlaɪzd ","chuyên"
"specification ","n","ˌspɛsɪfɪˈkeɪʃən ","sự chỉ rõ"
"specimen ","n","ˈspɛsəmən ","mẫu vật"
"spectacle ","n","ˈspɛktəkəl ","cảnh tượng"
"spectrum ","n","ˈspɛktrəm ","quang phổ"
"spell ","n","spɛl ","Đánh vần"
"sphere ","n","sfɪr ","quả cầu"
"spin ","v, n","spɪn ","quay"
"spine ","n","spaɪn ","xương sống"
"spotlight ","n","ˈspɑtˌlaɪt ","điểm sáng"
"spouse ","n","spaʊs ","vợ chồng"
"spy ","n, v","spaɪ ","điệp viên"
"squad ","n","skwɑd ","đội hình"
"squeeze ","v","skwiz ","vắt kiệt"
"stab ","v","stæb ","cú đâm"
"stability ","n","stəˈbɪlɪti ","sự ổn định"
"stabilize ","v","ˈsteɪbəˌlaɪz ","ổn định"
"stake ","n","steɪk ","cổ phần"
"standing ","adj","ˈstændɪŋ ","đứng"
"stark ","adj","stɑrk ","ngay đơ"
"statistical ","adj","stəˈtɪstɪkəl ","thống kê"
"steer ","v","stɪr ","chỉ đạo"
"stem ","n, v","stɛm ","thân cây"
"stereotype ","n","ˈstɛriəˌtaɪp ","khuôn mẫu"
"stimulus ","n","ˈstɪmjələs ","kích thích"
"stir ","v","stɜr ","khuấy động"
"storage ","n","ˈstɔrəʤ ","kho"
"straightforward ","adj","ˈstreɪtˈfɔrwərd ","thẳng thắn"
"strain ","n","streɪn ","sự căng thẳng"
"strand ","n","strænd ","sợi dây"
"strategic ","adj","strəˈtiʤɪk ","chiến lược"
"striking ","adj","ˈstraɪkɪŋ ","nổi bật"
"strip ","(long narrow piece) n","strɪp ","dải"
"strip ","(remove clothes/a layer) v","strɪp ","dải"
"strive ","v","straɪv ","phấn đấu"
"structural ","adj","ˈstrʌkʧərəl ","cấu trúc"
"stumble ","v","ˈstʌmbəl ","tình cờ gặp"
"stun ","v","stʌn ","choáng váng"
"submission ","n","səbˈmɪʃən ","nộp hồ sơ"
"subscriber ","n","səbˈskraɪbər ","người đăng kí"
"subscription ","n","səbˈskrɪpʃən ","đăng ký"
"subsidy ","n","ˈsʌbsɪdi ","trợ cấp"
"substantial ","adj","səbˈstænʧəl ","đáng kể"
"substantially ","adv","səbˈstænʃəli ","đáng kể"
"substitute ","n, v","ˈsʌbstəˌtut ","thay thế"
"substitution ","n","ˌsʌbstɪˈtuʃən ","thay thế"
"subtle ","adj","ˈsʌtəl ","tế nhị"
"suburban ","adj","səˈbɜrbən ","ngoại ô"
"succession ","n","səkˈsɛʃən ","sự kế thừa"
"successive ","adj","səkˈsɛsɪv ","liên tiếp"
"successor ","n","səkˈsɛsər ","người kế vị"
"suck ","v","sʌk ","hút"
"sue ","v","su ","kiện"
"suicide ","n","ˈsuəˌsaɪd ","tự sát"
"suite ","n","swit ","Thượng hạng"
"summit ","n","ˈsʌmət ","đỉnh cao"
"superb ","adj","sʊˈpɜrb ","tuyệt vời"
"superior ","adj","suˈpɪriər ","thượng đẳng"
"supervise ","v","ˈsupərˌvaɪz ","giám sát"
"supervision ","n","ˌsupərˈvɪʒən ","giám sát"
"supervisor ","n","ˈsupərˌvaɪzər ","người giám sát"
"supplement ","n, v","ˈsʌpləmənt ","phần bổ sung"
"supportive ","adj","səˈpɔrtɪv ","hỗ trợ"
"supposedly ","adv","səˈpoʊzədli ","được cho là"
"suppress ","v","səˈprɛs ","kìm nén"
"supreme ","adj","səˈprim ","tối cao"
"surge ","n, v","sɜrʤ ","dâng trào"
"surgical ","adj","ˈsɜrʤɪkəl ","phẫu thuật"
"surplus ","n","ˈsɜrpləs ","số dư"
"surrender ","v","səˈrɛndər ","đầu hàng"
"surveillance ","n","sərˈveɪləns ","giám sát"
"suspension ","n","səˈspɛnʃən ","đình chỉ"
"suspicion ","n","səˈspɪʃən ","sự nghi ngờ"
"suspicious ","adj","səˈspɪʃəs ","khả nghi"
"sustain ","v","səˈsteɪn ","duy trì"
"swing ","v, n","swɪŋ ","xích đu"
"sword ","n","sɔrd ","thanh kiếm"
"symbolic ","adj","sɪmˈbɑlɪk ","tượng trưng"
"syndrome ","n","ˈsɪnˌdroʊm ","hội chứng"
"synthesis ","n","ˈsɪnθəsəs ","tổng hợp"
"systematic ","adj","ˌsɪstəˈmætɪk ","có tính hệ thống"
"tackle ","n","ˈtækəl ","giải quyết"
"tactic ","n","ˈtæktɪk ","chiến thuật"
"tactical ","adj","ˈtæktɪkəl ","chiến thuật"
"taxpayer ","n","ˈtækˌspeɪər ","người đóng thuế"
"tempt ","v","tɛmpt ","cám dỗ"
"tenant ","n","ˈtɛnənt ","người thuê nhà"
"tender ","adj","ˈtɛndər ","mềm"
"tenure ","n","ˈtɛnjər ","nhiệm kỳ"
"terminal ","adj","ˈtɜrmənəl ","phần cuối"
"terminate ","v","ˈtɜrməˌneɪt ","chấm dứt"
"terrain ","n","təˈreɪn ","địa hình"
"terrific ","adj","təˈrɪfɪk ","khủng khiếp"
"testify ","v","ˈtɛstəˌfaɪ ","làm chứng"
"testimony ","n","ˈtɛstəˌmoʊni ","lời khai"
"texture ","n","ˈtɛksʧər ","kết cấu"
"thankfully ","adv","ˈθæŋkfəli ","thật may mắn"
"theatrical ","adj","θiˈætrɪkəl ","thuộc sân khấu"
"theology ","n","θiˈɑləʤi ","thần học"
"theoretical ","adj","ˌθiəˈrɛtɪkəl ","lý thuyết"
"thereafter ","adv","ðɛˈræftər ","sau đó"
"thereby ","adv","ˈðɛrˈbaɪ ","bằng cách ấy"
"thoughtful ","adj","ˈθɔtfəl ","chu đáo"
"thought-provoking ","adj","θɔt-prəˈvoʊkɪŋ ","kích thích tư duy"
"thread ","n","θrɛd ","chủ đề"
"threshold ","n","ˈθrɛˌʃoʊld ","ngưỡng"
"thrilled ","adj","θrɪld ","hồi hộp"
"thrive ","v","θraɪv ","phát triển"
"tide ","n","taɪd ","thủy triều"
"tighten ","v","ˈtaɪtən ","thắt chặt"
"timber ","n","ˈtɪmbər ","gỗ"
"timely ","adj","ˈtaɪmli ","hợp thời"
"tobacco ","n","təˈbæˌkoʊ ","thuốc lá"
"tolerance ","n","ˈtɑlərəns ","sức chịu đựng"
"tolerate ","v","ˈtɑləˌreɪt ","tha thứ"
"toll ","n","toʊl ","số điện thoại"
"top ","v","tɑp ","đứng đầu"
"torture ","n, v","ˈtɔrʧər ","tra tấn"
"toss ","v","tɔs ","quăng"
"total ","v","ˈtoʊtəl ","tổng cộng"
"toxic ","adj","ˈtɑksɪk ","độc hại"
"trace ","n","treɪs ","dấu vết"
"trademark ","n","ˈtreɪdˌmɑrk ","Nhãn hiệu"
"trail ","n, v","treɪl ","dấu vết"
"trailer ","n","ˈtreɪlər ","đoạn phim giới thiệu"
"transaction ","n","trænˈzækʃən ","giao dịch"
"transcript ","n","ˈtrænˌskrɪpt ","bảng điểm"
"transformation ","n","ˌtrænsfərˈmeɪʃən ","sự biến đổi"
"transit ","n","ˈtrænzɪt ","quá cảnh"
"transmission ","n","trænˈsmɪʃən ","quá trình lây truyền"
"transparency ","n","trænˈspɛrənsi ","minh bạch"
"transparent ","adj","trænˈspɛrənt ","trong suốt"
"trauma ","n","ˈtrɔmə ","tổn thương"
"treaty ","n","ˈtriti ","hiệp ước"
"tremendous ","adj","trəˈmɛndəs ","to lớn"
"tribal ","adj","ˈtraɪbəl ","bộ lạc"
"tribunal ","n","trəˈbjunəl ","tòa án"
"tribute ","n","ˈtrɪbjut ","cống vật"
"trigger ","n","ˈtrɪɡər ","cò súng"
"trio ","n","ˈtriˌoʊ ","bộ ba"
"triumph ","n","ˈtraɪəmf ","chiến thắng"
"trophy ","n","ˈtroʊfi ","chiếc cúp"
"troubled ","adj","ˈtrʌbəld ","gặp rắc rối"
"trustee ","n","ˌtrʌˈsti ","người được ủy thác"
"tuition ","n","tjuˈɪʃən ","học phí"
"turnout ","n","ˈtɜrˌnaʊt ","Tắt"
"turnover ","n","ˈtɜrˌnoʊvər ","doanh số"
"twist ","v, n","twɪst ","xoắn"
"undergraduate ","n","ˌʌndərˈɡræʤəwət ","đại học"
"underlying ","adj","ˌʌndərˈlaɪɪŋ ","cơ bản"
"undermine ","v","ˈʌndərˌmaɪn ","hủy hoại"
"undoubtedly ","adv","ənˈdaʊtɪdli ","chắc chắn"
"unify ","v","ˈjunəˌfaɪ ","thống nhất"
"unprecedented ","adj","ənˈprɛsɪˌdɛntɪd ","chưa từng có"
"unveil ","v","ənˈveɪl ","tiết lộ"
"upcoming ","adj","ˈʌpˌkʌmɪŋ ","sắp tới"
"upgrade ","v, n","əpˈɡreɪd ","nâng cấp"
"uphold ","v","əpˈhoʊld ","ủng hộ"
"utility ","n","juˈtɪləti ","tính thiết thực"
"utilize ","v","ˈjutəˌlaɪz ","sử dụng"
"utterly ","adv","ˈʌtərli ","hoàn toàn"
"vacuum ","n","ˈvækjum ","máy hút bụi"
"vague ","adj","veɪɡ ","mơ hồ"
"validity ","n","vəˈlɪdəti ","hiệu lực"
"vanish ","v","ˈvænɪʃ ","biến mất"
"variable ","n, adj","ˈvɛriəbəl ","Biến đổi"
"varied ","adj","ˈvɛrid ","đa dạng"
"vein ","n","veɪn ","tĩnh mạch"
"venture ","n, v","ˈvɛnʧər ","mạo hiểm"
"verbal ","adj","ˈvɜrbəl ","bằng lời nói"
"verdict ","n","ˈvɜrdɪkt ","phán quyết"
"verify ","v","ˈvɛrəˌfaɪ ","xác minh"
"verse ","n","vɜrs ","thơ"
"versus ","prep","ˈvɜrsəs ","đấu với"
"vessel ","n","ˈvɛsəl ","tàu"
"veteran ","n","ˈvɛtərən ","cựu chiến binh"
"viable ","adj","ˈvaɪəbəl ","khả thi"
"vibrant ","adj","ˈvaɪbrənt ","sôi động"
"vice ","n","vaɪs ","hành vi xấu xa"
"vicious ","adj","ˈvɪʃəs ","luẩn quẩn"
"villager ","n","ˈvɪlɪʤər ","dân làng"
"violate ","v","ˈvaɪəleɪt ","xâm phạm"
"violation ","n","vaɪəˈleɪʃən ","sự vi phạm"
"virtue ","n","ˈvɜrʧu ","Đức hạnh"
"vocal ","adj","ˈvoʊkəl ","phát âm"
"vow ","v","vaʊ ","lời thề"
"vulnerability ","n","ˌvʌlnərəˈbɪlɪti ","tính dễ bị tổn thương"
"vulnerable ","adj","ˈvʌlnərəbəl ","dễ bị tổn thương"
"ward ","n","wɔrd ","phường"
"warehouse ","n","ˈwɛrˌhaʊs ","kho"
"warfare ","n","ˈwɔrˌfɛr ","chiến tranh"
"warrant ","n, v","ˈwɔrənt ","lệnh bảo đảm"
"warrior ","n","ˈwɔriər ","chiến binh"
"weaken ","v","ˈwikən ","suy yếu"
"weave ","v","wiv ","dệt"
"weed ","n","wid ","cần sa"
"well ","n","wɛl ","Tốt"
"well-being ","n","wɛl-ˈbiɪŋ ","hạnh phúc"
"whatsoever ","adv","ˌwʌtsoʊˈɛvər ","bất cứ điều gì"
"whereby ","adv","wɛrˈbaɪ ","theo đó"
"whilst ","conj","waɪlst ","trong khi"
"whip ","v","wɪp ","roi da"
"wholly ","adv","ˈhoʊli ","hoàn toàn"
"widen ","v","ˈwaɪdən ","mở rộng"
"widow ","n","ˈwɪdoʊ ","Góa phụ"
"width ","n","wɪdθ ","chiều rộng"
"willingness ","n","ˈwɪlɪŋnəs ","sự tự nguyện"
"wipe ","v","waɪp ","lau đi"
"wit ","n","wɪt ","mưu mẹo"
"withdrawal ","n","wɪðˈdrɔəl ","rút tiền"
"workout ","n","ˈwɜrˌkaʊt ","tập thể dục"
"worship ","n, v","ˈwɜrʃəp ","tôn thờ"
"worthwhile ","adj","ˈwɜrˈθwaɪl ","đáng giá"
"worthy ","adj","ˈwɜrði ","xứng đáng"
"yell ","v","jɛl ","hét lên"
"yield ","n, v","jild ","năng suất"
"youngster ","n","ˈjʌŋstər ","người trẻ tuổi"
